name,recorded_date,over_all_rating,price_range,range (km/charge),top_speed (kmph),power,front_suspension,rear_suspension,front_type,wheel_type,ratings,design,comfort,reliability_maintenance,kerb_weight (kg),charging_time (hours),seat_height (mm),battery_capacity (kwh),rear_type,mileage_performance,maintenance_cost,features,good_features,bad_features,performance,mileage,safety,company_name
River Indie,2023-11-10,4.80, 125000 ,120,90 ,6700 Watt,Telescopic Suspension With Hydraulic Dampers,Coil Spring With Twin Hydraulic Dampers,Disc,Alloy,18 ,5.00,5.00,4.60,null,null,null,null,null,null,null,null,null,null,null,null,null,River
Benling India Aura,2023-11-10,3.00, 94296 ,120,60 ,BLDC 2500Watt,Telescopic,null,Disc,Stylish Alloy ,42 ,null,2.60,5.00,66,4 hours,1175 ,2.88 ,Drum,5.00,null,null,null,null,null,null,null,Benling India
Benling India Falcon,2023-11-10,3.80, 62200 - 69540 ,75,25 ,250 Watt & 60V Brushless Motor,Telescopic,Robust Rear Spring,Disc,null,8 ,null,4.00,4.00,66,7-8 VRLA& 4 Li-Ion hours,null,1.2 ,Drum,4.00,null,null,null,null,null,null,null,Benling India
Benling India Kriti,2023-11-10,3.70, 56940 - 64151 ,60,25 ,250 Watt & 48V Brushless Motor,Telescopic,null,Disc,Alloy,1 ,null,null,null,66,8-9 VRLA & 4 Li-Ion hours,null,0.96 ,Drum,null,5.00,3.40,null,null,null,null,null,Benling India
GT Soul,2023-11-10,4.00, 52861 - 75350 ,55,25 ,null,Front-Hydraulic Telescopic,Double Shocker With Dual Tube Technology,Drum,null,1 ,null,null,null,95,7-8 hours,null,1.344 ,Drum,null,5.00,3.80,null,null,null,null,null,GT Force
GT One,2023-11-10,4.00, 62850 - 85945 ,55,25 ,null,Front-Hydraulic Telescopic,Double Shocker With Dual Tube Technology,Disc,null,null,null,null,null,88,7-8 hours,null,1.344 ,Disc,null,null,null,null,null,null,null,null,GT Force
GT Prime,2023-11-10,4.00, 57417 - 77763 ,55,25 ,null,Hydraulic Telescopic,Double Shocker With Dual Tube Technology,Disc,null,1 ,null,null,null,85,7-8 hours,null,1.34 ,Drum,null,null,null,null,null,null,null,null,GT Force
GT One Plus,2023-11-10,4.00, 68982 - 86970 ,55,25 ,null,Hydraulic Telescopic,Double Shocker With Dual Tube Technology,Disc,null,null,null,null,null,98,7-8 hours,null,1.34 ,Disc,null,null,null,null,null,null,null,null,GT Force
GT Drive Pro,2023-11-10,null, 67801 - 90530 ,55,25 ,null,Hydraulic Telescopic,Double Shocker With Dual Tube Technology,Disc,null,null,null,null,null,85,7-8 hours,760 ,1.34 ,Drum,null,null,null,null,null,null,null,null,GT Force
GT Drive Plus,2023-11-10,4.00, 103000 ,80,55 ,null,Hydraulic Telescopic,Double Shocker With Dual Tube Technology,Drum,null,null,null,null,null,88,4-5 hours,780 ,null,Drum,null,null,null,null,null,null,null,null,GT Force
GT Flying,2023-11-10,4.00, 54338 - 77763 ,55,60 ,null,Hydraulic Telescopic,Double Shocker With Dual Tube Technology,Disc,null,1 ,null,null,null,82,7-8 hours,null,1.34 ,Drum,null,5.00,3.80,null,null,null,null,null,GT Force
Maruthisan  MS 3.0,2023-11-10,4.10, 149000 - 158000 ,140,60 ,null,Telescopic,Adjustable,disc,Alloy,16 ,4.90,4.40,null,239,null,null,null,Disc,null,null,4.00,null,null,null,null,null,Maruthisan
Sokudo Acute,2023-11-10,5.00, 126000 - 133000 ,150,60 ,null,null,null,Disc,Alloy,1 ,null,null,5.00,null,4 hours,null,null,Disc,5.00,null,5.00,null,null,null,null,null,Sokudo
Vida V1,2023-11-10,4.10, 126000 ,165,80 ,null,null,null,Disc,null,95 ,4.50,4.50,null,null,6 hours,null,null,Drum,4.30,null,null,"Feels well made, strong build quality .Removable batteries a big boon .Feature loaded including removable rear seat .Hero's unbeatable network in India .Vida owners can use Ather's grid network for charging","Limited top speed of just 82 km/h .Not as quick as Ola S1 Pro, range is also lower on the Vida Slightly on the pricier side ",null,null,null,Vida
Silence S01+,2023-11-10,3.70, 650000 ,137,43 ,10.19 PS,Adjustable Hydraulic Damping,Adjustable Hydraulic Damping,Disc,null,1 ,null,null,null,null,6-8 hours,null,null,null,null,5.00,3.40,null,null,null,null,null,Silence
iGowise BeiGo,2023-11-10,4.50, 110000 ,150,85 ,null,null,null,null,null,3 ,5.00,null,4.30,null,null,null,null,null,null,null,5.00,null,null,null,null,null,iGowise
Zelio Gracy,2023-11-10,3.60, 56675 - 59755 ,120,24.9 ,null,Hydraulic,null,null,Tubeless,23 ,4.10,4.10,null,null,6-8 hours,null,1.34 ,null,null,null,3.90,null,null,null,null,null,Zelio
Zelio Eeva,2023-11-10,5.00, 54575 - 57475 ,120,25 ,null,Hydraulic,null,null,Tubeless,2 ,5.00,null,5.00,null,6-8 hours,null,1.34 ,null,null,null,5.00,null,null,null,null,null,Zelio
Zelio Eeva ZX,2023-11-10,4.20, 59000 - 62000 ,120,25 ,null,Hydraulic,null,null,Tubeless,4 ,4.00,5.00,null,null,6-8 hours,null,1.34 ,null,5.00,null,null,null,null,null,null,null,Zelio
Zelio Gracy i,2023-11-10,3.40, 56825 - 59755 ,120,24.9 ,null,Hydraulic,null,null,Tubeless,2 ,null,null,null,null,6-8 hours,null,1.34 ,null,null,5.00,3.80,null,null,null,null,null,Zelio
Joy E-bike Wolf Plus,2023-11-10,4.50, 116000 ,100,55 ,1500 Watt,Hydraulic,Hydraulic,Disc,null,3 ,null,5.00,5.00,85,4-5 hours,null,null,Disc,5.00,null,null,Easy to ride .Edgy looks .Good features including back rest,Inconsistent quality issues .Limited real world range below 100 km,null,null,null,Joy E-bike
Joy E-bike Wolf,2023-11-10,3.60, 79900 ,65,46 ,250 Watt,Hydraulic,Dual Adjustable Shock Absorbers,Disc,null,23 ,null,null,null,81,3.5 hours,null,1.86 ,Disc,null,null,null,null,null,4.50,4.00,4.00,Joy E-bike
Joy E-bike Gen Nxt Nanu Plus,2023-11-10,3.70, 112000 ,100,55 ,1500 Watt,Hydraulic,Hydraulic,Disc,null,3 ,null,null,null,85,4-5 hours,null,null,Disc,null,4.00,null,A lightweight body makes it easy to handle .Attractive instrument console .Disc brakes on both the ends,A limited number of dealer outlets of Joy E-Bike across the country .Limited sub-100 km real-world range,4.00,5.00,null,Joy E-bike
Joy E-bike Glob,2023-11-10,3.40, 77400 ,65,25 ,250 Watt,Telescopic Fork Type,Dual Adjustable Shock Absorbers,Disc,Alloy,11 ,null,null,null,67,3.5 hours,null,1.38 ,Disc,null,4.00,null,null,null,null,4.00,4.50,Joy E-bike
Joy GEN NXT Nanu E-Scooter,2023-11-10,4.00, 77400 ,60,46 ,250 Watt,Hydraulic,Hydraulic,Disc,null,6 ,5.00,null,null,81,3.5 hours,null,1.44 ,Disc,null,4.00,null,null,null,null,4.50,null,Joy E-bike
Joy E-bike Mihos,2023-11-10,5.00, 149000 ,100,70 ,1500 Watt,Telescopic,Mono Reversible Spring,Disc,null,3 ,null,null,null,110,4 hours,null,null,Disc,null,null,null,null,null,null,null,null,Joy E-bike
M2GO Scooters X1,2023-11-10,3.70, 111000 ,120,50 ,2020 Watt,null,null,Disc,Alloy,4 ,null,3.00,1.00,null,null,null,null,Disc,3.00,null,null,null,null,null,null,null,M2GO
M2GO Scooters Civitas,2023-11-10,3.80, 127000 ,120,85 ,2020 Watt,null,null,Disc,Alloy,1 ,null,null,null,null,null,null,null,Disc,null,5.00,3.60,null,null,null,null,null,M2GO
Kabira Intercity Neo,2023-11-10,3.70, 67490 ,110,24 ,250 Watt,Spring Loaded,null,Disc,Alloy,1 ,null,null,null,null,4 hours,null,2.1 ,Drum,null,5.00,3.40,null,null,null,null,null,Kabira
Kabira Kollegio Neo,2023-11-10,3.70, 55790 ,100,24 ,250 Watt,Spring Loaded,null,Disc,Alloy,1 ,null,null,null,null,4 hours,null,1.152 ,Drum,null,5.00,3.40,null,null,null,null,null,Kabira
Kabira Kollegio Plus,2023-11-10,3.70, 65490 ,110,24 ,250 Watt,Spring Loaded,null,Disc,Alloy,1 ,null,null,null,null,4 hours,null,2.1 ,Disc,null,5.00,3.40,null,null,null,null,null,Kabira
Kabira Aetos 100,2023-11-10,3.70, 65490 ,110,24 ,250 Watt,Spring Loaded,null,Disc,Alloy,1 ,null,null,null,null,4 hours,null,2.1 ,Disc,null,5.00,3.40,null,null,null,null,null,Kabira
Kabira Hermes 75,2023-11-10,3.70, 89600 ,120,40 ,250 Watt,Spring Loaded,null,Disc,Alloy,1 ,null,null,null,null,4 hours,null,2.4 ,Disc,null,5.00,3.40,null,null,null,null,null,Kabira
Kabira Mobility Kollegio,2023-11-10,3.70, 45990 ,100,24 ,null,null,null,Disc,Alloy,1 ,null,null,null,null,4 hours,null,1.15 ,null,null,5.00,3.40,null,null,null,null,null,Kabira
Kabira Mobility Intercity Aeolus,2023-11-10,3.70, 71490 ,110,24 ,null,Spring Loaded,null,Disc,Alloy,2 ,null,null,null,null,4-6 hours,null,2.1 ,null,null,5.00,3.40,null,null,null,null,null,Kabira
Gravton Quanta,2023-11-10,3.30, 99000 ,320,70 ,3kWatt,null,null,Disc,Alloy,19 ,null,null,null,null,3 hours,null,1.8 ,Drum,null,4.00,null,null,null,3.50,null,5.00,Gravton
Komaki SE,2023-11-10,4.10, 96970 - 138000 ,200,80 ,null,Telescopic,null,Disc,Alloy,17 ,null,null,null,null,4-5 hours,null,null,Disc,5.00,5.00,null,null,null,5.00,null,null,Komaki
Komaki LY,2023-11-10,4.60, 95866 ,60,80 ,null,null,null,null,null,9 ,null,null,null,null,null,null,null,null,null,4.60,4.20,null,null,null,null,4.60,Komaki
Komaki XGT X-ONE,2023-11-10,3.60, 45000 - 78920 ,85,25 ,null,null,null,null,Alloy,6 ,4.00,null,null,null,6-8 hours,null,1.56 ,null,4.00,null,4.00,Comfortable seating. Good riding range.Smart looking design.,Aftermarket service can be a hassle.Long charging time.,null,null,null,Komaki
Komaki XGT X5,2023-11-10,4.60, 72500 - 90500 ,90,62 ,null,null,null,null,Alloy,3 ,null,null,null,null,4-5 hours,null,1.44 ,null,null,3.00,null,null,null,5.00,null,5.00,Komaki
Komaki Flora,2023-11-10,4.90, 79000 ,75,65 ,null,null,null,null,null,8 ,5.00,5.00,4.30,null,4-5 hours,null,null,null,null,null,null,null,null,null,null,null,Komaki
Komaki XGT KM,2023-11-10,4.00, 42500 - 93045 ,85,25 ,null,Telescopic Shock Absorber,Hydraulic Shock Absorber,null,Alloy,9 ,null,null,null,null,6-8 hours,null,1.8 ,null,3.00,5.00,3.00,null,null,null,null,null,Komaki
Komaki Venice,2023-11-10,3.30, 77000 - 168000 ,90,80 ,null,null,null,null,Alloy,3 ,null,null,null,null,3-4 hours,null,2.88 ,Disc,null,4.00,null,null,null,4.00,null,5.00,Komaki
Komaki XGT VP,2023-11-10,3.70, 62305 - 84681 ,65,25 ,null,Telescopic Shocker,Telescopic Shocker,Disc,null,1 ,null,null,null,null,4-5 hours,null,1.68 ,Disc,null,5.00,3.40,null,null,null,null,null,Komaki
Komaki DT 3000,2023-11-10,3.10, 121000 ,100,90 ,null,null,null,null,null,8 ,null,null,null,null,null,null,null,null,null,5.00,null,Long riding range as compared to the rivals .Value for money as per the segment .Subtle ride quality .Long and wide seat offers a lot of comfort on the go .Large footboard area useful for multiple purposes,Long term reliability is a big question mark Very minute service and dealership network .Battery heat management system reliability is questionable,5.00,5.00,null,Komaki
Komaki XGT-X3,2023-11-10,3.80, 95000 ,90,25 ,null,null,null,null,Alloy,1 ,null,null,null,null,null,null,null,null,null,5.00,3.60,null,null,null,null,null,Komaki
Komaki TN-95,2023-11-10,4.40, 98000 ,180,40 ,null,null,null,null,Alloy,5 ,null,5.00,5.00,null,6-8 hours,870 ,3.6 ,null,5.00,null,null,null,null,null,null,null,Komaki
Komaki X2 Vogue,2023-11-10,3.80, 47000 - 88500 ,85,25 ,null,Telescopic Shock Absorber,Hydraulic Shock Absorber,null,Alloy,6 ,null,null,null,null,6-8 hours,null,1.44 ,null,null,null,null, Good riding range .Sleek looking e-scooter.,Built materials not known.No wide range of service dealerships.,5.00,5.00,3.00,Komaki
Komaki Super,2023-11-10,4.20, 29500 ,60,37 ,350-500 Watt,null,null,null,Alloy,8 ,null,5.00,5.00,null,null,null,0.96 ,null,5.00,null,null,null,null,null,null,null,Komaki
Odysse Electric Racer,2023-11-10,4.00, 85000 ,170,45 ,1200 Watt,Telescopic,Spring Loaded Hydraulic,Disc,Alloy,1 ,null,null,null,null,3.5 hours,810 ,null,null,null,5.00,3.80,null,null,null,null,null,Odysse Electric
Odysse Electric Hawk,2023-11-10,3.80, 74000 - 118000 ,60,45 ,1800 Watt,Telescopic,Spring Loaded Hydraulic,Disc,Alloy,4 ,null,null,null,null,4 hours,830 ,null,null,1.00,5.00,3.20,null,null,null,null,null,Odysse Electric
Odysse Electric E2Go,2023-11-10,3.70, 59750 - 94100 ,70,25 ,250 Watt,Telescopic,Spring Hydraulic,Disc,Alloy,1 ,null,null,null,90,3.5-4 hours,null,null,null,null,5.00,3.40,null,null,null,null,null,Odysse Electric
Odysse Electric V2,2023-11-10,4.40, 77250 ,75,25 ,null,Telescopic,null,Disc,null,2 ,null,null,null,null,3.5 hours,null,2.6 ,null,null,null,4.00,Long riding range capability .Value for money as compared to the rivals .Value for money as compared to the rivals,Small dealer & service network .Long term reliability is questionable .Design is very subjective,5.00,null,4.00,Odysse Electric
Odysse Electric V2 Plus,2023-11-10,4.00, 100000 ,150,25 ,null,Telescopic,Heavy Spring Loaded,Disc,null,1 ,null,null,null,null,3.5 hours,null,null,Drum,null,5.00,3.80,Long riding range capability .Value for money as compared to the rivals .Looks unique in terms of design,Small dealer & service network .Long term reliability is questionable Design is very subjective,null,null,null,Odysse Electric
Odysse Electric Trot,2023-11-10,5.00, 99999 ,75,25 ,null,null,null,Drum,null,1 ,null,null,5.00,null,null,null,1.92 ,Disc,5.00,null,5.00,null,null,null,null,null,Odysse Electric
Simple One,2023-11-10,4.10, 145000 ,300,105 ,null,Telescopic Fork,Mono Tube - Mono Shock,Disc,null,283 ,4.20,null,null,null,3 hours,null,null,Disc,null,4.40,null,212km of promised range in 94% battery use .Sorter dynamics - rides well and handles like a gem! The quickest E .V scooter you can buy in India .Looks modern with L .E .D lights all around,Size could have been bigger .Pricier than the initial promised price .Heavier than the initially showcased model ,null,null,4.30,Simple Energy
Techo Electra Raptor,2023-11-10,3.80, 76178 ,100,null,250 Watt,Telescopic,Dual Mono,Disc,null,1 ,null,null,null,60,3-4 hours,null,1.8 ,Drum,null,5.00,3.60,null,null,null,null,null,Techo Electra
Techo Electra Emerge,2023-11-10,3.80, 73079 ,100,25 ,250 Watt,Telescopic,Dual Mono,Disc,null,1 ,null,null,null,58,3-4 hours,null,1.8 ,Drum,null,5.00,3.60,null,null,null,null,null,Techo Electra
Techo Electra Neo EV,2023-11-10,3.20, 55053 ,60,25 ,250 Watt,Telescopic,Dual Mono,Drum,null,2 ,null,null,null,51,2.5-4 hours,null,1.152 ,Drum,null,5.00,3.40,null,null,null,null,null,Techo Electra
Techo Electra Saathi,2023-11-10,3.70, 62738 ,80,25 ,250 Watt,Telescopic,Dual Mono,Drum,null,null,null,null,null,60,2.5-4 hours,null,1.152 ,Drum,null,null,null,null,null,null,null,null,Techo Electra
Yukie Scooters Yuvee,2023-11-10,3.60, 44385 ,50,25 ,250 Watt,null,null,Drum,Alloy,2 ,null,null,null,null,4-6 hours,750 ,0.96 ,Drum,null,3.00,5.00,null,null,3.00,null,null,Yukie
Yukie Scooters Shiga,2023-11-10,4.50, 51115 ,60,25 ,250 Watt,null,null,Disc,Alloy,2 ,null,5.00,null,null,4-6 hours,760 ,1.5 ,Drum,5.00,5.00,null,null,null,null,null,null,Yukie
Lohia Oma Star,2023-11-10,4.40, 41444 ,60,25 ,250 Watt,Telescopic,Hydraulic (Coil Type),Drum,null,2 ,null,null,null,null,6-8 hours,770 ,0.24 ,Drum,null,5.00,3.60,100 km claimed riding range.Conventional design.Lightweight electric scooter.No R .C and Licence required to ride .Takes less than 3 hours to charge. ,Fewer dealerships and workshops.Poor riding range .Poor top speed.Single colour option.,null,null,null,Lohia
Lohia Oma Star Li,2023-11-10,4.60, 51750 ,60,25 ,250 Watt,Telescopic Hydraulic,Hydraulic (Coil Type),Drum,null,1 ,null,null,null,90,2-3 hours,770 ,0.96 ,Drum,null,5.00,5.00,100 km claimed riding range.Lightweight electric scooter.Takes less than 3 hours to chharge. ,Fewer dealerships and workshops.Single colour option.,null,5.00,null,Lohia
One Moto Electa,2023-11-10,4.50, 199000 ,150,85 ,null,null,null,Hydraulic Disc,null,2 ,null,null,null,115,4 hours,null,null,Hydraulic Disc,null,5.00,3.80,null,null,null,null,null,One Moto
One Moto Commuta,2023-11-10,4.00, 130000 ,80,55 ,null,null,null,Hydraulic Disc,null,1 ,null,null,null,102,4 hours,null,null,Drum,null,5.00,3.80,null,null,null,null,null,One Moto
One Moto Byka,2023-11-10,4.00, 180000 ,150,85 ,null,null,null,Hydraulic Disc,null,1 ,null,null,null,115,5 hours,null,null,Hydraulic Disc,null,5.00,3.80,null,null,null,null,null,One Moto
BGauss D15,2023-11-10,3.70, 135000 - 136000 ,115,60 ,null,Hydraulic Telescopic,Double Hydraulic Spring - 3 Step Adjustable,Drum,null,7 ,4.30,3.70,null,null,5.5 hours,765 ,null,Drum,3.70,null,null,Long riding range as compared to the rivals .Value for money as per the segment .Subtle ride quality .Long and wide seat offers a lot of comfort on the go .Iconic moped-fetched design looks uber cool,"Long term reliability is a big question mark .Very minute service and dealership network .No disc brakes, every rival has them",null,null,null,BGauss
BGauss C12i Max,2023-11-10,4.30, 100000 - 120000 ,135,50 ,null,Hydraulic Telescopic,Double Hydraulic Spring - 4 Step Adjustable,Drum,null,41 ,4.20,4.20,4.20,null,6-7 hours,765 ,3.2 ,Drum,null,null,null,null,null,null,null,null,BGauss
Kinetic Green Zing,2023-11-10,3.00, 71500 - 79500 ,100,45 ,null,null,null,Disc,Alloy,29 ,null,null,3.20,null,null,null,1.29 ,null,3.40,null,3.20,null,null,null,null,null,Kinetic
Kinetic Green Zoom,2023-11-10,null, 75100 - 82500 ,100,45 ,null,null,null,Disc,Alloy,12 ,null,null,null,null,3-4 hours,null,1.29 ,null,null,4.00,null,null,null,5.00,null,4.00,Kinetic
HCD India NPS Cargo,2023-11-10,4.00, 54500 - 58500 ,70,25 ,250 Watt,Telescopic,Hydraulic Quad Shock,Disc,null,1 ,null,null,null,80,3 hours,null,null,Drum,null,5.00,3.80,null,null,null,null,null,HCD India
Evtric Motors Ride,2023-11-10,3.50, 67996 ,75,25 ,250 Watt,Telescopic Suspension,Hydraulic Adjustable Suspension,null,Aluminum / Iron,14 ,null,null,null,150,3.5 hours,null,1.25 ,null,null,4.00,null,null,null,4.00,null,5.00,Evtric
Evtric Motors Rise,2023-11-10,3.80, 106000 ,100,70 ,null,Telescopic,Hydraulic Adjustable Suspension,Combi Brake Disc,null,null,null,null,null,null,4 hours,null,null,Disc,null,null,null,null,null,null,null,null,Evtric
Evtric Motors Axis,2023-11-10,4.40, 75482 ,75,25 ,250 Watt,Telescopic Suspension,Hydraulic Adjustable Suspension,null,Aluminum / Iron,2 ,5.00,5.00,5.00,150,3.5 hours,700 ,1.25 ,null,null,null,null,null,null,null,null,null,Evtric
Evtric Motors Connect,2023-11-10,null, 75000 ,106,55 ,null,Hydraulic Telescopic,null,Disc,Alloy,null,null,null,null,null,4-5 hours,null,2.036 ,Disc,null,null,null,null,null,null,null,null,Evtric
Evtric Motors Mighty,2023-11-10,4.30, 92000 ,null,25 ,null,Telescopic Hydraulic,Coil Loaded Adjustable,Disc,null,30 ,4.80,5.00,4.30,null,4-5 hours,null,1.2 ,Disc,null,null,null,null,null,null,null,null,Evtric
Ampere Magnus EX,2023-11-10,3.60, 105000 ,80,50 ,null,Telescopic,Coil Spring,Drum,Alloy,19 ,null,null,null,82,6-7 hours,null,null,Drum,3.80,5.00,3.80,null,null,null,null,null,Ampere
Ampere Zeal EX,2023-11-10,4.00, 96690 ,80,50 ,null,Telescopic,Twin Tube,Drum,Steel,5 ,null,null,null,80,5 hours,null,2.3 ,Drum,null,5.00,3.80,Lightweight scooter.Portable battery so it can be charged anywhere.Top speed of 55kmph makes city commuting easier.,Limited service workshops.Priced expensive. ,null,null,null,Ampere
Ampere Primus,2023-11-10,3.50, 146000 ,107,77 ,null,Hydraulic Telescopic,Dual Shocker,Drum,Alloy,8 ,null,4.00,null,130,5 hours,null,null,Drum,null,5.00,3.70,null,null,null,null,null,Ampere
ADMS Sathi,2023-11-10,4.40, 99000 ,80,78 ,null,Hydraulic,null,Disc,Alloy,29 ,4.80,5.00,null,null,null,null,1.56 ,Disc,null,4.50,null,null,null,null,null,null,ADMS
ADMS Maevel,2023-11-10,4.30, 97000 ,70,70 ,null,Hydraulic,Telescopic,Drum,Alloy,29 ,4.70,5.00,4.30,null,null,null,1.248 ,Drum,null,null,null,null,null,null,null,null,ADMS
ADMS EVA,2023-11-10,4.30, 135000 ,90,25 ,null,null,null,Disc,Alloy,29 ,4.80,5.00,4.20,null,null,null,null,Drum,null,null,null,null,null,null,null,null,ADMS
ADMS Rame,2023-11-10,4.30, 125000 ,100,78 ,null,null,null,null,Alloy,29 ,4.60,5.00,4.40,null,null,null,null,null,null,null,null,null,null,null,null,null,ADMS
ADMS Mantra,2023-11-10,4.40, 98000 ,60,85 ,null,Hydraulic Shock Absorber,null,Disc,Alloy,28 ,4.80,5.00,null,null,null,null,1.248 ,Drum,null,5.00,null,null,null,null,null,null,ADMS
Prevail Electric Elite,2023-11-10,4.00, 129000 ,220,80 ,null,Hydraulic Damping,null,Disc,Alloy,1 ,null,null,null,null,8 hours,null,null,Disc,null,5.00,3.80,null,null,null,null,null,Prevail Electric
Prevail Electric Wolfury,2023-11-10,4.00, 89999 ,110,50 ,null,Hydraulic Damping,null,Disc,Alloy,1 ,null,null,null,null,4 hours,null,null,Disc,null,5.00,3.80,null,null,null,null,null,Prevail Electric
Prevail Electric Finesse,2023-11-10,4.00, 99999 ,110,60 ,null,null,null,Disc,Aluminum Alloy,1 ,null,null,null,null,4 hours,null,null,Disc,null,5.00,null,null,null,4.00,5.00,null,Prevail Electric
Merico Eagle-100 (4.8),2023-11-10,3.80, 42850 ,null,24.9 ,250 Watt,Telescopic,null,Drum,Alloy,1 ,null,null,null,55,6-7 hours,null,null,Drum,null,5.00,3.60,null,null,null,null,null,Merico
Merico Eagle-100 (6.0),2023-11-10,3.80, 49781 ,null,25 ,250 Watt,Telescopic,Hydraulic,Drum,null,1 ,null,null,null,59,6-7 hours,null,null,Drum,null,5.00,3.60,null,null,null,null,null,Merico
Merico Fashia,2023-11-10,4.00, 61311 ,null,60 ,250 Watt,Telescopic,null,Disc,Alloy,1 ,null,null,null,58.6,6-7 hours,null,null,Drum,null,5.00,3.80,null,null,null,null,null,Merico
Merico Evanka,2023-11-10,4.00, 62505 ,null,25 ,250 Watt,Telescopic,null,Disc,Alloy,1 ,null,null,null,58.5,6-7 hours,null,null,Disc,null,5.00,3.80,null,null,null,null,null,Merico
Merico Speedstar,2023-11-10,4.00, 53692 ,null,25 ,250 Watt,Telescopic,null,Disc,Alloy,1 ,null,null,null,59.9,6-7 hours,null,null,Drum,null,5.00,3.80,null,null,null,null,null,Merico
Hero Electric Optima,2023-11-10,3.70, 107000 - 130000 ,140,45 ,null,null,null,null,Alloy,88 ,null,null,null,null,4-5 hours,null,null,null,null,4.30,4.30,Design has a wide appeal owing to conventional styling .Gets Telescopic Forks and Alloy Wheels .Quite well priced as compared to some of the rivals,Ride quality could have been better .Some owners have reported niggles with electricals,null,null,4.20,Hero
Hero Electric Photon,2023-11-10,3.00, 86391 ,60,42 ,1000-1400 Watt,Telescopic,null,Drum,Tubeless,26 ,null,null,null,116,8-10 hours,768 ,1.44 ,Drum,null,3.60,null,"1500 .W (output) B .L .D .C motor18 Ltr storage .Decent build quality & fit and finish .Disc Brakes .Hero's widespread service network is a peace of mind in itself .Nimble in size, easy to maneuver in traffic .The portable battery pack is a boon for riders",Feels dated alreadyhardware should be improved .Long term reliability is questionable .Low ground clearance Plain jane design,4.00,null,4.40,Hero
Hero Electric NYX,2023-11-10,4.10, 67540 - 86540 ,55,42 ,600 - 1300 Watt,Telescopic,null,null,null,19 ,null,4.30,null,87,4-5 hours,null,null,null,null,4.10,null,High Ground Clearance .Telescopic Suspension .Green and environment friendly, Build Quality .Poor Service .Speed,4.20,null,null,Hero
Hero Electric Atria,2023-11-10,3.90, 77690 ,8590,25 ,250 Watt,Telescopic,null,null,Alloy,22 ,null,null,null,null,4-5 hours,null,1.53 ,null,null,4.30,null,null,null,null,4.40,4.60,Hero
Hero Electric Eddy,2023-11-10,4.20, 72000 ,85,25 ,null,null,null,null,Tubeless,15 ,null,5.00,5.00,null,4-5 hours,null,1.53 ,null,5.00,null,null,null,null,null,null,null,Hero
Geliose Hope,2023-11-10,4.20, 46999 ,75,25 ,null,Telescopic,Telescopic Suspension,null,Alloy,1 ,null,null,null,null,3 hours,null,1.44 ,null,null,5.00,null,Good riding range.Multiple battery options.Quick charging.,Design too outdated. Not worthy of the price.,4.00,5.00,null,Geliose
Bajaj Chetak,2023-11-10,3.90, 120000 ,108,63 ,5.55 PS,Leading-Link Suspension,Monoshock,Dsic,null,213 ,null,4.30,null,133,5 hours,760 ,null,Drum,null,4.40,null,Attractive design and road presence .Bajajâ€™s trustworthy service network .Good mileage .Overall good product quality,Ideal driving range less than the rivals .Modest Performance .More price .Not as nimble as some rivals,4.30,null,null,Bajaj
Wroley E-Scooter Posh,2023-11-10,4.00, 78100 ,90,null,null,Hydraulic Damping,Hydraulic Damping,Disc,null,1 ,null,null,null,null,4 hours,null,1.8 ,Drum,null,5.00,3.80,null,null,null,null,null,Wroley E-Scooter
Wroley E-Scooter Platina,2023-11-10,4.60, 73700 ,90,null,null,Hydraulic Damping,Hydraulic Damping,Disc,null,2 ,null,null,null,null,4 hours,640 ,1.8 ,Drum,null,null,null,null,null,null,null,null,Wroley E-Scooter
Wroley E-Scooter Mars,2023-11-10,null, 66000 ,90,null,null,Hydraulic Damping,Hydraulic Damping,Disc,null,null,null,null,null,null,4 hours,640 ,1.8 ,Drum,null,null,null,null,null,null,null,null,Wroley E-Scooter
Okaya Electric Faast F3,2023-11-10,4.90, 125000 ,120,70 ,null,Telescopic,Spring Loaded,Drum,Steel,8 ,null,5.00,5.00,null,4-5 hours,null,null,Drum,5.00,null,null,null,null,null,null,null,Okaya
Okaya Freedum,2023-11-10,3.60, 74899 ,70,25 ,250 Watt,Telescopic,Spring Loaded,Drum,Steel,14 ,null,null,null,null,4-5 hours,null,1.4 ,Drum,null,5.00,null,null,null,4.00,4.00,null,Okaya
Okaya ClassIQ,2023-11-10,3.90, 58450 - 74499 ,60,25 ,250 Watt,Telescopic,Spring Loaded,Disc,Steel,11 ,4.00,null,null,null,4-5 hours,null,1.4 ,Drum,4.00,5.00,null,null,null,null,null,null,Okaya
Okaya  Faast F2F,2023-11-10,3.50, 99950 ,70,55 ,null,Telescopic,Spring Loaded,Drum,Steel,3 ,null,null,null,null,4-6 hours,null,2.2 ,Drum,null,5.00,3.20,null,null,null,null,null,Okaya
Okaya Electric Motofaast,2023-11-10,4.40, 137000 ,130,70 ,4.07 PS,Telescopic Suspension,Spring Loaded,Disc,Alloy,2 ,4.50,5.00,4.50,null,4-5 hours,null,null,Disc,null,null,null,null,null,null,null,null,Okaya
Okaya Faast 4,2023-11-10,3.80, 133000 ,140,70 ,null,Telescopic,Spring Loaded,Drum,Steel,80 ,null,null,null,null,4-5 hours,null,null,Drum,2.40,5.00,2.20,null,null,null,null,null,Okaya
Okaya Faast F2T,2023-11-10,3.70, 99400 ,80,70 ,null,Telescopic,Dual Spring Loaded,Drum,null,2 ,null,null,null,null,3-4 hours,null,2.16 ,Drum,1.00,5.00,3.00,null,null,null,null,null,Okaya
Okaya Faast F2B,2023-11-10,3.90, 99950 ,80,70 ,null,Telescopic,Spring Loaded,Drum,Steel,8 ,4.00,null,4.00,null,3-4 hours,null,2.2 ,Drum,null,5.00,null,null,null,null,null,null,Okaya
Velev Motors VEV 01,2023-11-10,4.40, 32500 ,80,25 ,250 Watt,null,null,Drum,Alloy,2 ,null,null,null,34,6-8 hours,null,1.152 ,Drum,null,null,null,null,null,null,null,null,Velev Motors
Velev Motors VIO,2023-11-10,4.00, 52000 ,70,25 ,250 Watt,null,null,Drum,Alloy,1 ,null,null,null,null,2-3 hours,null,0.96 ,Drum,null,5.00,3.80,null,null,null,null,null,Velev Motors
Greta Electric Harper,2023-11-10,3.40, 60000 - 92000 ,100,40 ,null,null,null,Disc,Alloy,3 ,null,null,1.00,null,4 hours,null,1.44 ,Drum,null,5.00,3.30,null,null,null,null,null,Greta Electric
Greta Electric Glide,2023-11-10,4.00, 80000 ,100,80 ,null,null,null,null,null,1 ,null,null,null,null,null,null,null,null,null,5.00,3.80,null,null,null,null,null,Greta Electric
Greta Electric eVespa,2023-11-10,3.50, 60000 - 92000 ,100,60 ,null,null,null,Disc,Alloy,2 ,null,null,null,null,4 hours,null,1.44 ,Drum,null,5.00,3.80,null,null,null,null,null,Greta Electric
Greta Electric Harper ZX,2023-11-10,4.60, 41999 ,80,40 ,null,null,null,null,null,8 ,5.00,5.00,null,null,3 hours,null,null,null,5.00,null,null,null,null,null,null,null,Greta Electric
DAO Electric ZOR 405,2023-11-10,3.70, 88656 ,70,45 ,null,Telescopic Fork,Double Shocker,3.00-10,null,1 ,null,null,null,80,null,720 ,1.38 ,90/90-12,null,5.00,3.40,null,null,null,null,null,DAO Electric
DAO Electric Model 703,2023-11-10,4.50, 114000 ,100,70 ,null,Telescopic Fork,Double Shocker,120/70-12,null,3 ,5.00,5.00,null,80,null,745 ,null,100/80-12,5.00,null,null,null,null,null,null,null,DAO Electric
DAO Electric Vidyut 108,2023-11-10,null, 86449 ,80,25 ,null,Telescopic Fork,Double Shocker,100/80-12,null,4 ,2.00,2.00,null,80,null,725 ,0.9 ,100/80-12,1.00,null,null,null,null,null,null,null,DAO Electric
EeVe Soul,2023-11-10,4.10, 120000 ,120,60 ,null,Telescopic Suspension,4 Step Adjustable Coil Spring Suspension,Double Disc,null,3 ,null,null,null,null,4-5 hours,null,null,Drum,null,4.00,5.00,Agile design.Feature-loaded.Swappable batteries.,No under-seat storage.Quite expensive.,null,5.00,null,EeVe
EeVe Xeniaa,2023-11-10,4.60, 79999 - 86999 ,80,25 ,null,Telescopic Hydraulic,null,null,Alloy,6 ,null,5.00,null,null,3-4 hours,null,1.2 ,Disc,5.00,5.00,null,null,null,null,null,null,EeVe
EeVe Wind,2023-11-10,null, 59999 ,70,25 ,null,Telescopic Hydraulic,null,null,Alloy,null,null,null,null,null,6-7 hours,null,1.62 ,Disc,null,null,null,null,null,null,null,null,EeVe
EeVe Ahava,2023-11-10,3.00, 62499 ,70,25 ,null,Telescopic Hydraulic,null,null,Alloy,6 ,null,null,null,null,6-7 hours,null,1.62 ,Disc,null,4.50,null,null,null,null,5.00,5.00,EeVe
EeVe Atreo,2023-11-10,3.70, 68999 ,85,25 ,null,Telescopic Hydraulic,null,null,Alloy,1 ,null,null,null,null,6-7 hours,null,1.4 ,Disc,null,5.00,3.40,null,null,null,null,null,EeVe
Evolet Pony,2023-11-10,4.20, 45999 - 59999 ,60,25 ,null,Hydraulic Telescopic,Double Shocker With Dual Tube Technology,Tubeless,Alloy,9 ,5.00,5.00,null,82,8-9 hours,null,1.15 ,null,null,null,3.00,null,null,null,null,null,Evolet
Evolet Dhanno,2023-11-10,3.50, 76999 ,80,25 ,null,Hydraulic Telescopic,Double Shocker With Dual Tube Technology,Tubeless,Alloy,1 ,null,null,null,96,3-4 hours,695 ,1.87 ,null,null,5.00,3.20,450 kg loading capacity.80 km riding range.Latest Features.L .E .D headlights .Lightweight .Smart design.,Quite expensive .Takes 4 hours of charging time.Too expensive at this rate .Top speed only 25kmph.,null,null,null,Evolet
Evolet Polo,2023-11-10,4.10, 51999 - 69999 ,65,25 ,null,Hydraulic Telescopic,Double Shocker With Dual Tube Technology,Tubeless,Alloy,4 ,null,null,null,96,8-9 hours,null,1.15 ,null,null,5.00,3.40,null,null,null,null,null,Evolet
Evolet Derby,2023-11-10,4.30, 56999 - 78999 ,65,25 ,null,Hydraulic Telescopic,Double Shocker With Dual Tube Technology,Tubeless,Alloy,3 ,null,null,null,85,8-9 hours,750 ,1.15 ,null,null,5.00,3.40,null,null,null,null,null,Evolet
Hop Electric Leo,2023-11-10,3.90, 84360 ,75,25 ,null,Telescopic Fork,Hydraulic Spring Loaded Shock,null,Alloy,9 ,5.00,5.00,null,null,3 hours,null,1.48 ,null,null,null,null,Fast charging.Multiple riding modes.Removeable battery. ,Poor riding range .Poor top speed.,5.00,null,null,Hop Electric
Hop Electric Leo Extended,2023-11-10,5.00, 97504 ,120,60 ,null,Telescopic Fork,Hydraulic Spring Loaded Shock,null,Alloy,2 ,5.00,null,5.00,null,3 hours,null,1.48 ,null,null,null,5.00,null,null,null,null,null,Hop Electric
Hop Electric LYF,2023-11-10,4.20, 67500 - 74500 ,75,25 ,null,Telescopic Fork,Hydraulic Spring Loaded Shock,null,Alloy,20 ,null,4.10,null,null,3 hours,null,1.48 ,null,4.10,null,4.10,3 Different riding modes.Quick charging time.Smart design.,Extended version too costly.Fewer dealerships.,null,null,null,Hop Electric
iVOOMi JeetX,2023-11-10,4.10, 100000 - 104000 ,null,25 ,null,Telescopic,Spring Loaded Telescopic,null,Alloy,7 ,3.00,null,3.00,79,2.5-3 hours,770 ,1.5 ,null,3.00,null,null,null,null,null,null,null,iVOOMi
iVOOMi S1,2023-11-10,3.40, 84999 ,115,55 ,null,null,null,null,Alloy,18 ,null,null,null,75,3-4 hours,null,2 ,null,null,4.00,null,null,null,null,5.00,4.00,iVOOMi
iVOOMi City-1,2023-11-10,3.70, 79143 ,90,65 ,1500 Watt,null,null,Tubeless,Alloy,1 ,null,null,null,null,3-4 hours,null,1.8 ,Tubeless,null,5.00,3.40,null,null,null,null,null,iVOOMi
iVOOMi City,2023-11-10,null, 81499 ,90,65 ,1200 Watt,null,null,Tubeless,Alloy,4 ,1.00,null,1.00,null,3-4 hours,760 ,1.92 ,Tubeless,1.00,null,null,null,null,null,null,null,iVOOMi
iVOOMi Jeet,2023-11-10,4.40, 79999 - 94999 ,130,50 ,null,null,null,null,Alloy,2 ,null,null,null,null,null,760 ,2 ,null,null,5.00,3.60,null,null,null,null,null,iVOOMi
GRP EV 11 Mini,2023-11-10,3.50, 74500 ,100,50 ,null,null,null,null,Alloy,4 ,null,null,null,null,3-4 hours,880 ,null,null,null,4.70,4.30,null,null,4.30,null,null,GRP EV
GRP EV 11 Pro,2023-11-10,4.40, 84000 ,100,50 ,null,null,null,null,Alloy,5 ,null,5.00,5.00,null,3-4 hours,880 ,null,null,5.00,null,null,null,null,null,null,null,GRP EV
GRP EV 11 Max,2023-11-10,4.30, 82000 ,100,50 ,null,null,null,null,Alloy,4 ,null,null,null,null,3-4 hours,880 ,null,null,null,4.30,4.80,null,null,null,4.50,null,GRP EV
Crayon Zeez,2023-11-10,3.70, 48000 - 58000 ,null,25 ,250 Watt,null,null,Disc,Alloy,2 ,null,null,null,null,null,null,48 ,null,null,5.00,3.40,null,null,null,null,null,Crayon
Crayon Envy,2023-11-10,3.40, 53000 - 65000 ,null,25 ,250 Watt,null,null,Disc,Alloy,2 ,null,null,null,null,null,null,null,null,null,5.00,3.40,null,null,null,null,null,Crayon
TVS iQube Electric,2023-11-10,4.00, 156000 - 162000 ,100,78 ,5.98 PS,Telescopic,Hydraulic Twin Tube Shock Absorber,Disc,null,211 ,4.60,4.30,null,117.2,5 hours,770 ,null,Drum,null,null,null,Extremely good ride quality and comfortable seat .Electric motor is completely noise free Good quality of panels and switch gear,Not as quick or fast as the Ola S1 Pro .Limited riding range as compared to rivals,null,null,4.20,TVS
TVS X EV,2023-11-10,4.30, 250000 ,140,105 ,14.95 PS,Telescopic,Monoshock,Disc,null,129 ,4.90,4.80,null,null,4 hours,770 ,null,Disc,null,4.00,null,Futuristic and sporty design language .Powerful motor and 140 km of range .Feature-loaded and advanced technology,Bit pricey .Not a family-friendly scooter,null,null,null,TVS
PURE EV Epluto,2023-11-10,null, 74999 ,90,25 ,0.40 PS,null,null,Disc,Alloy,27 ,2.20,2.00,1.80,79,4 hours,null,2.5 ,Drum,null,null,null,null,null,null,null,null,PURE EV
PURE EV ETrance NEO,2023-11-10,4.70, 78999 - 93999 ,85,60 ,3 PS,Telescopic,null,Drum,Cast Aluminum ,9 ,5.00,5.00,null,49,4 hours,null,2.5 ,Drum,5.00,null,null,null,null,null,null,null,PURE EV
PURE EV Epluto 7G,2023-11-10,5.00, 84000 - 115000 ,90,60 ,3 PS,Telescopic,null,null,Alloy,56 ,3.00,null,2.40,79,4 hours,760 ,2.5 ,null,null,null,2.40,null,null,null,null,null,PURE EV
SES Eagle,2023-11-10,3.60, 66000 - 77000 ,null,25 ,250 Watt,Telescopic,Coil Type,Disc,null,5 ,null,null,null,null,4-5 hours,null,1.2 ,Drum,null,5.00,3.40,null,null,null,null,null,SES
SES Fly,2023-11-10,3.70, 57000 ,null,25 ,250 Watt,Telescopic,Coil Type,Drum,null,1 ,null,null,null,null,4-5 hours,null,2.88 ,Drum,null,5.00,3.40,null,null,null,null,null,SES
SES Tuff,2023-11-10,3.70, 67000 ,null,25 ,250 Watt,Telescopic,Coil Type,Drum,null,1 ,null,null,null,null,4-5 hours,null,1.2 ,Disc,null,5.00,3.40,null,null,null,null,null,SES
SES Zoom,2023-11-10,3.70, 63000 ,null,25 ,250 Watt,Telescopic,Coil Type,Drum,null,1 ,null,null,null,null,4-5 hours,null,1.2 ,Drum,null,5.00,3.40,null,null,null,null,null,SES
SES Bold,2023-11-10,3.70, 87000 ,100,25 ,250 Watt,Telescopic,Coil Type,Disc,null,1 ,null,null,null,null,4-5 hours,null,1.8 ,Drum,null,5.00,3.40,null,null,null,null,null,SES
SES Hobby,2023-11-10,4.30, 90140 ,null,25 ,null,Telescopic,Coil Type,Drum,null,30 ,4.80,5.00,4.30,null,3-4 hours,null,null,Drum,null,null,null,null,null,null,null,null,SES
Energy Automobile EvOne,2023-11-10,4.30, 60000 ,90,25 ,null,Fork Type Hydraulic Telescopic,Hydraulic Coil Spring,Disc,Alloy,29 ,4.80,5.00,null,null,2-4 hours,null,1.8 ,Disc,null,4.50,null,null,null,null,null,null,Energy
Quantum Elektron,2023-11-10,3.20, 91000 ,80,50 ,null,Telescopic Fork Tubes,Dual Shock,Disc,null,4 ,3.00,null,null,null,3-4 hours,755 ,1.822 ,Drum,null,5.00,3.30,null,null,null,null,null,Quantum
Quantum Plasma,2023-11-10,4.60, 125000 ,115,60 ,null,null,null,Disc,Aluminum,2 ,null,null,null,null,null,null,null,null,null,null,null,null,null,null,null,null,Quantum
Quantum Bziness,2023-11-10,null, 96499 ,80,50 ,null,null,null,Disc,Tubeless,null,null,null,null,null,3-4 hours,805 ,null,Disc,null,null,null,null,null,null,null,null,Quantum
Quantum Milan,2023-11-10,4.10, 89000 ,80,50 ,null,Telescopic Fork Tubes,Dual Shock,Disc,null,2 ,null,null,null,null,3-4 hours,745 ,1.822 ,Disc,null,5.00,3.40,null,null,null,null,null,Quantum
Tunwal Sport 63 Mini,2023-11-10,3.70, 49990 ,85,25 ,null,Hydraulic Suspension,Hydraulic Suspension,Drum,null,8 ,3.00,null,null,null,6-7 hours,null,1.56 ,Drum,3.00,null,3.00,Decent range of 85 km .Has an attractive price tag .Offers good road handling from telescopic forks,Has a fibre body instead of metal .Long term reliability is a suspect .No Disc brake option,null,null,null,Tunwal
Tunwal Roma S,2023-11-10,3.60, 95000 ,90,40 ,null,Hydraulic Suspension,Hydraulic Suspension,Disc,null,2 ,null,null,null,null,null,null,1.56 ,Disc,null,5.00,3.60,Comes with stylish alloy wheels with disc brakes at front and rear .Decent range of 90 km for the price .Retro styling will impress those who like old school designs, No track record of long term reliability .Looks too much like Vespa range .Not available with A .B .S,null,null,null,Tunwal
Tunwal T 133,2023-11-10,3.80, 100000 ,null,55 ,null,Telescopic,null,null,Alloy,2 ,null,null,null,null,null,null,null,null,null,5.00,3.60,null,null,null,null,null,Tunwal
Tunwal Sport 63 Mid,2023-11-10,3.30, 71990 ,70,217 ,null,Hydraulic Suspension,Hydraulic Suspension,Drum,null,2 ,null,null,null,null,null,null,1.24 ,Drum,null,5.00,3.60,Available in four colour options .Comes with Telescopic front forks .Low top speed of 25 kmph,No available .Oddball looks don't have a wide appealtrack record of long term reliability,null,null,null,Tunwal
Tunwal Mini Lithino,2023-11-10,3.70, 54990 ,110,25 ,250 Watt,Hydraulic Suspension,Hydraulic Suspension,Disc,null,7 ,null,null,null,null,3-4 hours,null,1.56 ,Drum,null,5.00,3.40,Funky looks are sure to attract youngsters .Priced pretty attrctively, Low top speed of 25 kmph .Limited driving range of 55 km .Long term reliability is a suspect,null,null,null,Tunwal
Tunwal Strom ZX,2023-11-10,null, 90000 ,120,50 ,null,Hydraulic Suspension,Hydraulic Suspension,Disc,null,3 ,3.00,null,2.00,null,null,null,1.56 ,Drum,null,null,2.00,"High Driving Range of upto 150 km .Low Electricity Consumtion .Offers Removable Battery for Easy Charging, A .B .S leads to better braking",Doesn't come with A .B .S .Not a tried and tested product .Slightly on the costlier side,null,null,null,Tunwal
Tunwal Storm ZX Advance 1,2023-11-10,3.80, 115000 ,120,105 ,null,Hydraulic Suspension,Hydraulic Suspension,Disc,null,3 ,null,null,null,null,null,null,null,Drum,null,5.00,3.60,Comfortable seat with backrest .Gets Telescopic front forks .Higher stability from 3-wheeler format,Limited practicality due to only one seat on offer .Long term reliability is a suspect .Wider body can be hard to manage on crowded streets,null,null,null,Tunwal
Tunwal Storm ZX Advance 2,2023-11-10,3.50, 135000 ,120,30 ,null,Hydraulic Suspension,Hydraulic Suspension,Disc,null,4 ,5.00,5.00,null,null,null,null,null,Drum,null,5.00,null,Disc Brake at frotn .High comfort level from seats with backrests .Long wheelbase leads to decent space,No Rear disc brake or A .B .S .Odd-ball looks due to X .L wheelbase and unique seating arrangement .Quite expensive for a relatively unknown brand,null,null,null,Tunwal
Tunwal Lithino Li,2023-11-10,3.90, 74990 ,120,25 ,null,null,Hydraulic Suspension,null,Alloy,4 ,5.00,5.00,5.00,null,null,null,1.56 ,Drum,null,null,null,Can easily accomodate two adults .Looks quite stylish,"Limited driving range of 70 km .Limited driving range of 70 km, Not available with A .B .S .Long term reliability is a suspect .Not available with A .B .S",null,null,null,Tunwal
Warivo Motors Nexa,2023-11-10,3.70, 58300 - 74300 ,100,85 ,null,Telescopic,Telescopic,null,null,6 ,null,null,null,59,5-8 hours,null,1.29 ,null,null,5.00,null,null,null,4.00,5.00,null,Warivo Motors
Warivo Motors Queen SX,2023-11-10,4.00, 75300 ,80,50 ,null,Telescopic,Telescopic,null,null,1 ,null,null,null,60.9,5-8 hours,null,1.62 ,null,null,5.00,3.80,null,null,null,null,null,Warivo Motors
Warivo Motors Enduro,2023-11-10,3.80, 53800 ,60,40 ,null,Telescopic,Telescopic,null,null,1 ,null,null,null,null,5-8 hours,680 ,1.62 ,null,null,null,null,null,null,null,null,null,Warivo Motors
Warivo Motors Queen,2023-11-10,null, 46800 ,110,50 ,null,Telescopic,Telescopic,null,null,null,null,null,null,56,5-8 hours,null,0.74 ,null,null,null,null,null,null,null,null,null,Warivo Motors
Warivo Motors Smarty,2023-11-10,4.00, 74300 ,70,40 ,null,Telescopic,Telescopic,null,null,1 ,null,null,null,33.8,5-8 hours,null,1.2 ,null,null,5.00,3.80,null,null,null,null,null,Warivo Motors
BattRE Electric Storie,2023-11-10,null, 89600 ,132,132 ,null,null,null,null,Alloy,null,null,null,null,null,null,null,3.1 ,null,null,null,null,null,null,null,null,null,BattRE Electric
BattRE Electric LoEV,2023-11-10,3.00, 68900 ,60,25 ,null,Fork Type Hydraulic,Adjustable Hydraulic Coilover,Disc,null,19 ,null,null,null,65,2.5 hours,null,1.152 ,Disc,null,3.80,null,null,null,3.30,null,4.30,BattRE Electric
BattRE Electric IOT,2023-11-10,3.80, 80900 ,85,110 ,null,Fork Type Hydraulic,Adjustable Hydraulic Coilover,Disc,null,2 ,null,null,null,65,2.5 hours,null,1.44 ,Disc,null,null,4.00,null,null,4.00,null,4.00,BattRE Electric
BattRE Electric One,2023-11-10,3.70, 73900 ,85,110 ,null,Fork Type Hydraulic,Adjustable Hydraulic Coilover,Disc,null,4 ,null,null,null,60,2.5 hours,null,1.44 ,Disc,null,5.00,3.40,null,null,null,null,null,BattRE Electric
BattRE Electric GPSIE,2023-11-10,3.60, 73900 ,65,90 ,250 Watt,Fork Type Hydraulic,null,Disc,Alloy,2 ,null,null,null,null,2.5 hours,null,1.152 ,null,null,4.50,null,null,null,4.00,null,3.50,BattRE Electric
Stella Automobili Scooters SA 1000,2023-11-10,4.50, 68000 - 75000 ,70,25 ,250 Watt,Hydraulic Telescopic,Double Shocker With Dual Tube Technology,Drum,null,3 ,5.00,5.00,5.00,null,3-4 hours,null,null,Drum,null,null,null,null,null,null,null,null,Stella Automobili
Stella Automobili Scooters SA 2000,2023-11-10,3.40, 86000 - 94000 ,70,25 ,250 Watt,Hydraulic Telescopic,null,Disc,Alloy,2 ,null,null,null,null,3-4 hours,null,null,Drum,null,5.00,3.40,null,null,null,null,null,Stella Automobili
Stella Automobili Buzz,2023-11-10,3.70, 95000 ,90,55 ,null,null,null,Drum,Alloy,1 ,null,null,null,null,null,null,2.16 ,Drum,null,5.00,3.40,null,null,null,null,null,Stella Automobili
Fidato Evtech Easy Go,2023-11-10,3.80, 86315 ,60,90 ,null,Hydraulic,null,null,Alloy,2 ,null,null,null,null,4-5 hours,null,0.28 ,null,null,5.00,3.60,null,null,null,null,null,Fidato Evtech
Fidato Evtech EasyGo Plus,2023-11-10,3.00, 95605 ,80,25 ,null,Hydraulic,null,null,Alloy,3 ,3.00,2.00,2.00,null,4-5 hours,null,0.36 ,null,null,null,null,null,null,null,null,null,Fidato Evtech
Fidato Evtech Future,2023-11-10,3.00, 70300 ,60,90 ,null,Hydraulic,null,null,Alloy,4 ,5.00,null,null,null,4-5 hours,null,0.28 ,null,null,5.00,3.50,null,null,null,null,null,Fidato Evtech
Fidato Evtech Loder,2023-11-10,4.00, 83490 ,60,90 ,null,Hydraulic,null,null,Alloy,1 ,null,null,null,null,3-4 hours,null,0.24 ,null,null,5.00,3.80,null,null,null,null,null,Fidato Evtech
Fidato Evtech Cutie,2023-11-10,3.80, 54600 ,60,45 ,null,Hydraulic,null,null,Alloy,1 ,null,null,null,null,3-4 hours,null,0.25 ,null,null,5.00,3.60,null,null,null,null,null,Fidato Evtech
Rugged G1,2023-11-10,3.90, 78500 - 103000 ,160,75 ,1500 Watt,null,Leading Link W/Anti Dive,Tubeless,Alloy,2 ,null,null,null,null,4 hours,null,1.9 ,Tubeless,null,5.00,3.40,80-160km riding range.Quick charging time.Strong chassis.,Not very good looking.Only one colour option.,null,null,null,Rugged
Segway E110A,2023-11-10,3.40, 73937 ,null,50 ,null,null,null,null,null,2 ,null,null,null,null,6 hours,null,null,null,null,5.00,3.40,null,null,null,null,null,Segway
Okinawa PraisePro,2023-11-10,3.10, 99645 ,81,56 ,2500 Watt,Hydraulic Telescopic,Double Shocker With Dual Tube Technology,Disc,null,47 ,3.40,null,3.10,null,2-3 hours,800 ,2.08 ,Disc,3.00,null,null,null,null,null,null,null,Okinawa
Okinawa OKHI 90,2023-11-10,3.60, 186000 ,160,90 ,null,Hydraulic Telescopic,Double Shocker With Dual Tube Technology,Disc,null,75 ,null,null,null,null,5-6 hours,803 ,null,Disc,null,4.10,null,"Design is modern, large foot print with good road presence .Great performance combined with excellent range .Okinawa has been improving their dealer network .Should offer excellent range and unique features .Value pricing for the segment and performance .Will be one of the biggest e-scooters on sale in India",Firm ride quality could be an issue over broken roads .Fit and finish not the best around,4.10,null,4.40,Okinawa
Okinawa R30 electric scooter,2023-11-10,4.10, 61998 ,60,25 ,250 Watt,Hydraulic Telescopic,Double Shocker With Dual Tube Technology,Drum,null,14 ,null,null,3.00,null,4-5 hours,735 ,1.34 ,Drum,3.00,null,3.00,Good loading capacity at 150 kg.Removeable battery. Sleek design. ,Poor top speed. Takes 4-5 hours of charging time.,null,null,null,Okinawa
Okinawa Ridge,2023-11-10,4.60, 84610 - 115000 ,149,45 ,800Watt,Hydraulic Telescopic,Double Shocker With Dual Tube Technology,Drum,null,3 ,5.00,null,5.00,96,5-6 hours,null,1.56 ,Drum,null,null,5.00,null,null,null,null,null,Okinawa
Okinawa Lite,2023-11-10,3.10, 66993 ,60,25 ,250 Watt,Hydraulic Telescopic,Double Shocker With Dual Tube Technology,Disc,null,11 ,null,3.70,3.70,null,4-5 hours,740 ,1.25 ,Drum,null,null,3.70,null,null,null,null,null,Okinawa
Okinawa Dual,2023-11-10,3.70, 62000 - 119000 ,129,60 ,4.07 PS,Telescopic,Dual Tube Spring Type Hydraulic Shockers,null,Alloy,9 ,5.00,null,5.00,null,5-6 hours,770 ,null,null,5.00,null,null,null,null,null,null,null,Okinawa
Okinawa iPraise,2023-11-10,4.00, 146000 ,139,58 ,2500 Watt,Hydraulic Telescopic,Double Shocker With Dual Tube Technology,null,Alloy,12 ,null,null,null,null,4-5 hours,800 ,null,null,null,5.00,null,null,null,4.00,5.00,null,Okinawa
Okinawa iPraise+,2023-11-10,3.60, 146000 ,139,58 ,null,Hydraulic Telescopic,Double Shocker With Dual Tube Technology,null,Alloy,4 ,5.00,null,5.00,null,4-5 hours,800 ,null,null,null,5.00,null,null,null,null,null,null,Okinawa
Herald E Bike Rider,2023-11-10,4.40, 87660 ,null,25 ,2000 Watt,Hydraulic,Hydraulic,Disc,Alloy,30 ,4.90,5.00,null,null,3-4 hours,800 ,0.06 ,Disc,null,4.50,null,null,null,null,null,null,Herald E Bike
Herald E Bike Royal,2023-11-10,4.30, 91150 ,null,25 ,2000 Watt,Hydraulic,Hydraulic,Disc,Alloy,30 ,4.70,5.00,null,null,3-4 hours,800 ,0.06 ,Disc,null,4.50,null,null,null,null,null,null,Herald E Bike
Herald E Bike Lengend DLX,2023-11-10,4.40, 89410 ,null,25 ,2000 Watt,Hydraulic,Hydraulic,Disc,Alloy,29 ,4.90,5.00,null,null,3-4 hours,800 ,0.06 ,Disc,null,4.50,null,null,null,null,null,null,Herald E Bike
Herald E Bike Lengend Super,2023-11-10,4.40, 93470 ,null,25 ,2000 Watt,Hydraulic,Hydraulic,Disc,Alloy,30 ,4.60,5.00,null,null,3-4 hours,800 ,0.06 ,Disc,null,4.50,null,null,null,null,null,null,Herald E Bike
Herald E Bike Royal Prime,2023-11-10,4.30, 101000 ,null,25 ,2000 Watt,Hydraulic,Hydraulic,Disc,Alloy,30 ,4.70,5.00,4.30,null,3-4 hours,800 ,null,Disc,null,null,null,null,null,null,null,null,Herald E Bike
Herald E Bike Legend Prime,2023-11-10,4.40, 102000 ,null,25 ,2000 Watt,Hydraulic,Hydraulic,Disc,null,28 ,4.90,5.00,null,null,3-4 hours,800 ,null,Disc,null,4.50,null,null,null,null,null,null,Herald E Bike
Herald E Bike Royal DLX,2023-11-10,4.30, 111000 ,null,25 ,2000 Watt,Hydraulic,Hydraulic,Disc,Alloy,29 ,4.70,5.00,4.30,null,3-4 hours,800 ,null,Disc,null,null,null,null,null,null,null,null,Herald E Bike
Ujaas eZy,2023-11-10,4.50, 31880 ,60,25 ,null,Telescopic Type,Hydraulic,Drum,null,7 ,null,5.00,null,null,6-7 hours,null,1.24 ,Drum,null,5.00,3.30,null,null,null,null,null,Ujaas
Ujaas eGo LA,2023-11-10,4.10, 34880 - 39880 ,60,25 ,250 Watt,Telescopic,null,Drum,Alloy,9 ,null,5.00,null,null,6-7 hours,null,1.248 ,null,5.00,5.00,null,null,null,null,null,null,Ujaas
Ujaas eSPA LA,2023-11-10,4.00, 48174 ,60,24.9 ,null,Telescopic,null,Drum,Alloy,1 ,null,null,null,null,6-7 hours,null,1.56 ,null,null,5.00,3.80,null,null,null,null,null,Ujaas
Ujaas eGo T3,2023-11-10,4.50, 59724 - 70224 ,100,25 ,250 Watt,Telescopic,Hydraulic,Drum,Alloy,2 ,5.00,5.00,null,null,6-7 hours,null,2.304 ,null,null,5.00,null,null,null,null,null,null,Ujaas
Ujaas eSPA Li,2023-11-10,4.00, 54880 ,75,24.9 ,250 Watt,Telescopic,Hydraulic,Drum,Alloy,1 ,null,null,null,null,3-4 hours,null,1.5 ,null,null,5.00,3.80,null,null,null,null,null,Ujaas
Ujaas eGo Li,2023-11-10,4.00, 50880 - 53880 ,75,25 ,250 Watt,Telescopic,Hydraulic,Drum,Alloy,1 ,null,null,null,null,3-4 hours,null,1.248 ,null,null,5.00,3.80,null,null,null,null,null,Ujaas
Gowel Scooters ZX EV,2023-11-10,3.30, 44456 - 57449 ,70,25 ,250 Watt,null,null,Drum,Alloy,3 ,null,null,null,null,2-3 hours,null,0.288 ,Drum,null,4.00,4.00,null,null,5.00,null,null,Gowel
Ather 450X,2023-11-10,4.10, 126000 - 149000 ,111,90 ,8.70 PS,Telescopic Forks,Symmetrically Mounted Progressive Mono-Shock,Disc,null,454 ,4.70,4.30,null,108,8.5 hours,780 ,null,Disc,null,null,4.20,New base model offers extremely good value for money .Good build quality and hardly any ownership issues .Ample riding range of 140+ km,New base model does not offer quick charging .Riding posture & Ride quality isn't comfortable .Limited top speed of 90 km/h as compared to Ola S1 Pro ,null,null,null,Ather
Ather 450S,2023-11-10,4.50, 118000 - 132000 ,115,90 ,7.34 PS,Telescopic Forks,Symmetrically Mounted Progressive Monoshock,Disc,null,171 ,4.80,4.90,4.20,108,8.5 hours,780 ,null,Disc,null,null,null,null,null,null,null,null,Ather
Detel EV Easy Plus,2023-11-10,4.50, 46999 ,60,25 ,null,null,null,null,Alloy,4 ,null,null,null,null,null,null,1.44 ,null,null,null,4.00, Easy maneuverability in any road condition.Lightweight.No registration required.,Less top speed. Too costly.,null,4.00,4.50,Detel EV
Aeroride E Spark,2023-11-10,4.00, 69440 - 112000 ,null,90 ,null,null,null,Disc,Alloy,1 ,null,null,null,null,null,null,1.68 ,null,null,5.00,3.80,null,null,null,null,null,Aeroride
Aeroride Aero,2023-11-10,null, 61445 - 79445 ,60,25 ,null,Telescopic,Hydraulic,Disc,null,null,null,null,null,58,null,800 ,1.68 ,Disc,null,null,null,null,null,null,null,null,Aeroride
Aeroride YB2000,2023-11-10,4.00, 97100 - 129000 ,80,80 ,null,Telescopic,Hydraulic,Disc,null,1 ,null,null,null,65,null,null,1.872 ,Disc,null,5.00,3.80,null,null,null,null,null,Aeroride
YOBykes Drift,2023-11-10,4.00, 51000 ,60,25 ,250 KWatt,Telescopic Fork,Shock Absorber,Disc,null,2 ,null,null,null,95,7 VRLA& 3-4 Lithium Ion hours,775 ,0.324 ,Drum,null,null,5.00,null,null,null,null,null,YOBykes
YOBykes Edge,2023-11-10,4.00, 49000 ,60,25 ,250 KWatt,Telescopic Fork,Shock Absorber,Disc,null,5 ,4.20,4.20,null,95,7 VRLA& 3-4 Lithium Ion hours,700 ,0.324 ,Drum,null,null,4.20,null,null,null,null,null,YOBykes
Raftaar Galaxy,2023-11-10,3.70, 51900 ,100,25 ,250 Watt,Telescopic Hydraulic,Double Shoker With Dual Tube Technology (Hydraulic),Drum,null,2 ,null,5.00,5.00,null,4-6 hours,874 ,1.5 ,Drum,null,5.00,null,null,null,null,null,null,Raftaar
Raftaar Electrica,2023-11-10,3.70, 48540 - 70900 ,100,25 ,250 Watt,Telescopic Hydraulic,Double Shoker With Dual Tube Technology (Hydraulic),null,Alloy,1 ,null,null,null,60,4-6 hours,874 ,1.5 ,Drum,null,5.00,3.40,null,null,null,null,null,Raftaar
Raftaar Lima,2023-11-10,4.40, 68500 ,null,90 ,null,Telescopic Suspension,Dual Tube Spring Type Hydraulic Shockers,null,Alloy,30 ,4.70,5.00,null,null,6-8 hours,null,1.8 ,Disc,null,5.00,null,null,null,null,null,null,Raftaar
Raftaar Cruzer R1,2023-11-10,3.70, 84500 ,100,45 ,null,null,null,null,null,5 ,null,null,null,null,4-5 hours,null,null,null,null,4.50,null,null,null,null,4.50,4.50,Raftaar
Raftaar Bumblebee,2023-11-10,3.20, 88000 ,100,45 ,null,Telescopic,Dual Tube Spring Type Hydraulic Shockers,null,Alloy,8 ,null,null,null,null,4-5 hours,null,null,null,null,4.30,null,null,null,4.30,4.50,null,Raftaar
Ola S1 Pro,2023-11-10,4.10, 140000 - 147000 ,181,116 ,14.95 PS,Single Fork,Mono Shock,Hydraulic Disc,null,952 ,4.10,4.10,null,125,6.5 hours,null,null,Hydraulic Disc,null,4.50,null,Excellent performance from the motor150km+ range easily possible if ridden gently .Loaded with feature and connected apps ,Some software glitches still remain .No physical showrooms or workshops on offer,null,null,null,Ola
Ola S1 Air,2023-11-10,4.10, 120000 ,151,90 ,8.157 PS,Twin Telescopic,Dual Shock,Drum,null,396 ,4.50,null,4.50,108,5 hours,805 ,null,Drum,4.80,null,null,Excellent value for money in the segment .Small body & light weight make it very agile .Decent top speed of 85 km/h,Basic design theme might not appeal to all ,null,null,null,Ola
Ola Electric S1 X,2023-11-10,4.30, 90000 - 110000 ,151,85 ,8.157 PS,Twin Telescopic,Dual Shock,Drum,null,166 ,4.80,4.90,4.10,108,7.4 hours,805 ,3 ,Drum,null,null,null,null,null,null,null,null,Ola
Keeway Vieste 300,2023-11-10,4.40, 299000 - 320000 ,null,125 ,18.9 PS @ 6500 rpm,Telescopic,Hydraulic,Disc,Alloy,5 ,null,null,null,147,6 hours,null,null,Disc,null,null,4.60,null,null,4.60,null,4.40,Keeway
Dynamo RX4,2023-11-10,4.40, 96900 ,130,65 ,null,Hydraulic Telescopic,Double Shocker With Dual Tube Technology,Disc,null,2 ,4.50,5.00,4.50,null,3-4 hours,800 ,2.88 ,Disc,null,null,null,null,null,null,null,null,Dynamo
Dynamo RX1,2023-11-10,4.40, 79900 ,60,null,null,Hydraulic Telescopic,Double Shocker With Dual Tube Technology,Disc,null,2 ,5.00,5.00,null,null,6-8 hours,null,1.53 ,Disc,4.00,null,null,null,null,null,null,null,Dynamo
Dynamo X1,2023-11-10,4.40, 49900 ,60,null,null,Hydraulic Telescopic,Double Shocker With Dual Tube Technology,Disc,null,2 ,4.50,5.00,4.50,null,6-8 hours,null,1.53 ,Disc,null,null,null,null,null,null,null,null,Dynamo
Dynamo X2,2023-11-10,4.40, 55900 ,80,null,null,Hydraulic Telescopic,Double Shocker With Dual Tube Technology,Disc,null,2 ,4.50,5.00,4.50,null,6-8 hours,null,1.8 ,Disc,null,null,null,null,null,null,null,null,Dynamo
Dynamo X4,2023-11-10,4.40, 86900 ,110,null,null,Hydraulic Telescopic,Double Shocker With Dual Tube Technology,Disc,null,2 ,5.00,5.00,null,null,3-4 hours,800 ,2.16 ,Disc,null,null,4.00,null,null,null,null,null,Dynamo
Dynamo XL,2023-11-10,4.40, 65900 ,80,null,null,Hydraulic Telescopic,Six Hydraulic Shockers,Disc,null,2 ,4.50,5.00,4.50,null,3-4 hours,null,2.16 ,Disc,null,null,null,null,null,null,null,null,Dynamo
Dynamo Smiley,2023-11-10,4.40, 76900 ,85,null,null,Hydraulic Telescopic,Double Shocker With Dual Tube Technology,Disc,null,2 ,4.50,5.00,4.50,null,3-4 hours,800 ,1.8 ,Disc,null,null,null,null,null,null,null,null,Dynamo
RBSEVA Legend,2023-11-10,3.70, 72128 - 99335 ,75,90 ,null,Hydraulic,null,null,null,1 ,null,null,null,null,3-4 hours,null,null,null,null,5.00,3.40,null,null,null,null,null,RBSEVA
RBSEVA Rider,2023-11-10,3.70, 67237 - 91200 ,55,78 ,null,Hydraulic,null,null,Alloy,1 ,null,null,null,null,3-4 hours,null,1.44 ,null,null,5.00,3.40,null,null,null,null,null,RBSEVA
RBSEVA Rider Super,2023-11-10,3.70, 71838 - 99045 ,75,null,null,Hydraulic,null,null,Alloy,null,null,null,null,null,3-4 hours,null,1.44 ,null,null,null,null,null,null,null,null,null,RBSEVA
RBSEVA Auram,2023-11-10,4.40, 79370 - 107000 ,75,null,null,Hydraulic,Hydraulic,Disc,Alloy,2 ,5.00,5.00,null,null,3-4 hours,null,1.344 ,Drum,null,null,4.00,null,null,null,null,null,RBSEVA
RBSEVA RBS250 Loader,2023-11-10,4.40, 78960 - 103000 ,null,null,null,Aluminium Hydraulic,Hydraulic,Disc,Alloy,2 ,4.50,5.00,4.50,null,3-4 hours,null,1.344 ,Drum,null,null,null,null,null,null,null,null,RBSEVA
RBSEVA RBSEVA RIO,2023-11-10,4.40, 77710 - 105000 ,75,null,null,Hydraulic,Hydraulic,Disc,Alloy,2 ,5.00,5.00,null,null,3-4 hours,null,1.344 ,Drum,null,null,4.00,null,null,null,null,null,RBSEVA
RBSEVA Royal ZL3,2023-11-10,4.40, 105000 ,100,70 ,null,Hydraulic,Hydraulic,Disc,Alloy,2 ,4.50,5.00,4.50,null,3-4 hours,800 ,null,Drum,null,null,null,null,null,null,null,null,RBSEVA
RBSEVA Royal DLX,2023-11-10,4.40, 72128 - 99335 ,75,null,null,Hydraulic,Hydraulic,Disc,Alloy,2 ,5.00,5.00,null,null,3-4 hours,null,1.68 ,Drum,null,null,4.00,null,null,null,null,null,RBSEVA
RBSEVA Legend Super,2023-11-10,4.40, 74420 - 102000 ,75,null,null,Hydraulic,Hydraulic,Drum,Alloy,2 ,5.00,5.00,4.00,null,3-4 hours,null,1.344 ,Drum,null,null,null,null,null,null,null,null,RBSEVA
AMO Electric Jaunty,2023-11-10,3.30, 59966 - 90064 ,70,25 ,null,Telescopic Fork,Spring Loaded Gas,null,Alloy,17 ,4.30,4.30,4.00,62,6 hours,730 ,1.62 ,null,null,null,null,Decent riding range.Smart looks,High on charging time. Poor top speed.,null,null,null,AMO Electric
AMO Electric Inspirer,2023-11-10,3.90, 51382 - 86626 ,70,25 ,null,Telescopic Fork,Spring Loaded Gas,null,Alloy,8 ,5.00,null,5.00,62,6 hours,730 ,1.62 ,null,5.00,null,null,null,null,null,null,null,AMO Electric
AMO Electric Jaunty Plus,2023-11-10,4.60, 104000 ,120,50 ,null,Telescopic Fork,null,null,Alloy,6 ,5.00,null,null,null,3-5 hours,null,null,null,null,5.00,null,null,null,null,5.00,null,AMO Electric
AMO Electric Jaunty-3W,2023-11-10,3.70, 78819 ,null,50 ,null,null,null,null,null,11 ,null,null,null,null,6 hours,null,1.56 ,null,null,4.30,null,null,null,null,3.80,4.20,AMO Electric
Enigma GT450,2023-11-10,4.30, 86909 ,null,120 ,null,Double Hydraulic Telescopic,Hydraulic,Disc,Alloy,28 ,4.90,5.00,4.10,null,5-7 hours,null,null,Disc,null,null,null,null,null,null,null,null,Enigma
Enigma Crink,2023-11-10,null, 99000 ,null,60 ,null,Double Hydraulic Telescopic,Hydraulic,Disc,Alloy,null,null,null,null,null,5-7 hours,null,2.16 ,Disc,null,null,null,null,null,null,null,null,Enigma
Enigma Ambier N8,2023-11-10,4.40, 105000 ,null,40 ,null,Hydraulic,Dual Shocker,Disc,Alloy,30 ,4.80,5.00,null,null,4-5 hours,null,null,Disc,null,4.50,null,null,null,null,null,null,Enigma
Super Eco T1,2023-11-10,3.20, 56772 ,80,55 ,800 Watt,null,null,Disc,Alloy,2 ,null,null,null,null,4-6 hours,null,1.26 ,Drum,null,5.00,3.40,null,null,null,null,null,Super Eco
Super Eco S 2,2023-11-10,3.70, 105000 ,85,55 ,1000 Watt,null,null,Drum,Alloy,1 ,null,null,null,null,4-6 hours,null,null,Drum,null,5.00,3.40,null,null,null,null,null,Super Eco
Viertric V4 Eagle,2023-11-10,4.10, 70095 ,70,57 ,250 Watt,null,null,Tubeless,Alloy,4 ,null,null,null,null,4-5 hours,null,1.24 ,Tubeless,null,4.00,null,null,null,4.30,null,4.30,Viertric
Viertric V4 Max,2023-11-10,4.30, 68000 ,70,57 ,250 Watt,null,null,Tubeless,Alloy,4 ,null,null,null,null,4-5 hours,null,1.24 ,Tubeless,null,4.80,null,null,null,4.50,4.30,null,Viertric
Viertric V4 XL,2023-11-10,4.40, 70000 ,70,57 ,250 Watt,null,null,Tubeless,Alloy,2 ,null,null,null,null,4-5 hours,null,1.24 ,Tubeless,null,4.50,4.50,null,null,4.50,null,null,Viertric
Viertric V4 Mist,2023-11-10,4.40, 72000 ,70,57 ,250 Watt,null,null,Tubeless,Alloy,5 ,null,null,null,null,4-5 hours,null,1.24 ,Tubeless,null,null,4.30,null,null,4.50,4.30,null,Viertric
Deltic Drixx,2023-11-10,3.80, 55490 - 88490 ,70,25 ,null,Telescopic Hydraulic,Hydraulic Spring (Monoshock),Disc,null,5 ,null,null,3.00,57,6-8 hours,null,1.68 ,Disc,null,4.00,null,null,null,null,null,4.00,Deltic
Deltic Trento,2023-11-10,4.40, 127000 ,75,45 ,null,Telescopic Hydraulic,Hydraulic Spring (Monoshock),Disc,null,30 ,4.80,5.00,null,57,5-6 hours,null,null,Disc,null,4.50,null,null,null,null,null,null,Deltic
Deltic Legion,2023-11-10,5.00, 62490 - 88990 ,70,25 ,null,Telescopic Hydraulic,Hydraulic Spring (Monoshock),Disc,null,1 ,null,null,null,59,8-9 hours,null,1.68 ,Disc,null,null,null,null,null,null,null,null,Deltic
Deltic ZGS,2023-11-10,4.30, 95490 ,70,45 ,null,Telescopic Hydraulic,Hydraulic Spring (Monoshock),Disc,null,30 ,4.60,5.00,4.40,64,5-6 hours,null,2.16 ,Drum,null,null,null,null,null,null,null,null,Deltic
EVeium CZAR,2023-11-10,3.80, 216000 ,150,85 ,null,null,null,Disc,null,1 ,null,null,null,null,4 hours,null,null,Disc,null,5.00,3.60,null,null,null,null,null,EVeium
EVeium COMET,2023-11-10,3.80, 192000 ,150,85 ,null,null,null,Disc,null,1 ,null,null,null,null,4 hours,null,null,Disc,null,5.00,3.60,null,null,null,null,null,EVeium
EVeium COSMO EV,2023-11-10,3.80, 144000 ,80,65 ,null,null,null,Disc,null,1 ,null,null,null,null,4 hours,null,null,Disc,null,5.00,3.60,null,null,null,null,null,EVeium
BNC Challenger S110,2023-11-10,4.60, 121000 ,90,75 ,null,"Leading Link, Anti-Dive, 4-Point Adjustable",4-Point Adjustable,Disc,null,2 ,5.00,5.00,5.00,null,3.5 hours,null,null,Disc,null,null,null,null,null,null,null,null,BNC
Eblu Feo,2023-11-10,4.30, 99999 ,null,60 ,null,null,null,null,null,22 ,4.90,4.60,null,null,null,null,null,null,null,null,4.00,null,null,null,null,null,Eblu
Gemopai Ryder,2023-11-10,3.70, 60000 - 84302 ,90,25 ,250 Watt,Hydraulic,Hydraulic Type,Disc,null,4 ,null,null,null,80,4 hours,null,0.96 ,Drum,null,5.00,3.60,150kg loading capacity.90 km riding range is good.Modern features.,Fewer service outlets.Low sales.,null,null,null,Gemopai
Gemopai Astrid Lite,2023-11-10,3.60, 79999 ,90,65 ,1100-2500 Watt,Hydraulic,Hydraulic Type,Disc,Aluminum Alloy,5 ,null,null,null,null,5 hours,null,1.2 ,Drum,null,4.00,4.00,null,null,null,null,4.00,Gemopai
Gemopai Miso,2023-11-10,4.10, 44000 ,60,35 ,null,Telescopic,null,Tubeless,Alloy,3 ,null,null,null,45,3-4 hours,null,0.84 ,null,5.00,null,null,Decent riding range of 75 km.Multiple colour options.Quick charging to 90% in just 2 hours.,Top speed limited to 25 kmph only.Unconventional looks.,5.00,5.00,null,Gemopai
Gemopai Ryder SuperMax,2023-11-10,4.00, 79999 ,100,60 ,60kmph,Telescoping Suspension,Hydraulic Suspension,Disc,Alloy,null,null,null,null,null,null,null,null,Drum,null,null,null,null,null,null,null,null,Gemopai
White Carbon Motors GT5,2023-11-10,4.20, 125000 ,100,50 ,null,Telescopic,Dual Coil,Disc,null,13 ,5.00,5.00,5.00,170,3-4 hours,null,null,Disc,null,null,null,null,null,null,null,null,White Carbon Motors
White Carbon Motors O3,2023-11-10,4.00, 55900 ,60,25 ,null,Hydraulic Telescopic,Dual Shocker With Tube Technology,Disc,null,1 ,null,null,null,null,3-4 hours,null,1.152 ,Drum,null,5.00,3.80,null,null,null,null,null,White Carbon Motors
Bounce Infinity E1,2023-11-10,4.00, 93390 - 105000 ,85,65 ,null,Telescopic Hydraulic,Twin Shock Absorber,Hydraulic Disc with CBS,null,35 ,null,null,null,94,4 hours,780 ,1.9 ,Hydraulic Disc,null,4.60,null,null,null,4.40,null,4.40,Bounce
Lectrix SX25,2023-11-10,4.20, 54499 ,60,25 ,null,Telescopic,Dual Coil Spring,Drum,null,2 ,null,5.00,3.00,70,4 hours,760 ,1.34 ,Drum,null,null,3.00,null,null,null,null,null,Lectrix
Lectrix LXS G 2.0,2023-11-10,5.00, 99999 ,80,55 ,null,Telescopic,Coil Spring,Drum,null,1 ,null,null,null,100,3 hours,810 ,2.3 ,Drum,null,null,null,null,null,null,null,null,Lectrix
Lectrix LXS,2023-11-10,4.00, 91253 ,89,50 ,null,Telescopic,Coil Spring,null,Sheet Metal,15 ,null,null,null,null,2.5-3 hours,760 ,4.84 ,null,null,4.10,null,null,null,3.90,null,4.60,Lectrix
Avon E Lite,2023-11-10,4.10, 28000 ,50,24 ,232 Watt,null,null,null,null,10 ,5.00,5.00,5.00,null,4-8 hours,null,null,null,null,null,null,null,null,null,null,null,Avon
Avon E Scoot,2023-11-10,3.50, 45000 ,65,24 ,215 Watt,Telescopic Suspension,null,Drum,Alloy,10 ,5.00,null,null,null,7-8 hours,null,1.152 ,Drum,5.00,null,null,null,null,5.00,null,null,Avon
Avon E Plus,2023-11-10,4.30, 25000 ,50,24 ,220 Watt,null,null,null,null,17 ,5.00,null,5.00,null,4-8 hours,null,null,null,5.00,null,null,null,null,null,null,null,Avon
Avon E - STAR,2023-11-10,4.10, 51861 - 65478 ,65,24 ,null,Telescopic,null,null,null,8 ,null,null,null,null,7-8 hours,null,null,null,null,4.50,4.20,null,null,null,null,4.00,Avon
Avon E Mate,2023-11-10,4.40, 45000 ,65,24 ,188 Watt,Telescopic Suspension,null,Drum,Alloy,7 ,5.00,5.00,null,null,7-8 hours,null,1.152 ,Drum,5.00,null,null,null,null,null,null,null,Avon
Kyte Energy Magnum Pro,2023-11-10,4.00, 80999 ,160,60 ,null,null,null,null,null,12 ,null,null,null,null,null,null,null,null,null,4.60,null,null,null,4.00,4.20,null,Kyte Energy
Li-ions Spock Electric Scooter,2023-11-10,3.80, 65000 ,130,45 ,8.7 PS @ 6750 rpm,Telescopic Hydraulic Fork,null,Disc,Aluminum Alloy,1 ,null,null,null,90,4 hours,760 ,2.88 ,Disc,null,5.00,3.60,null,null,null,null,null,Li-ions
Avera Retrosa,2023-11-10,4.00, 88900 - 128000 ,140,55 ,3000 Watt,Telescopic Hydraulic,Double Shocker With Dual Tube,Disc,null,1 ,null,null,null,140,2-3 hours,null,2.4 ,Drum,null,5.00,3.80,null,null,null,null,null,Avera
Fujiyama Spectra,2023-11-10,3.70, 51528 - 77119 ,50,25 ,null,Telescopic,Dual Tube Spring,Drum,null,6 ,4.00,4.00,5.00,null,8 hours,740 ,1.3 ,Drum,null,null,null,null,null,null,null,null,Fujiyama
Fujiyama Spectra Pro,2023-11-10,4.80, 54384 - 79975 ,50,25 ,null,Telescopic,Dual Tube Spring,Disc,null,2 ,null,null,null,null,8 hours,735 ,1.3 ,Drum,null,null,null,null,null,null,null,null,Fujiyama
Fujiyama Ozone,2023-11-10,4.30, 99918 ,50,65 ,null,Telescopic,Dual Tube Spring,Disc,null,30 ,4.70,5.00,4.30,null,4-5 hours,795 ,2.5 ,Drum,null,null,null,null,null,null,null,null,Fujiyama
Vegh S25,2023-11-10,4.40, 75999 ,70,25 ,0.339 PS,Telescopic Forks,Damper Coil Spring,Disc,null,1 ,5.00,5.00,null,null,4 hours,800 ,1.34 ,Drum,null,null,4.00,null,null,null,null,null,Vegh
Vegh S60,2023-11-10,4.40, 130000 ,120,65 ,3.39 PS,Telescopic Forks,Damper Coil Spring,Drum,null,1 ,4.00,5.00,5.00,null,3-4 hours,825 ,null,Drum,null,null,null,null,null,null,null,null,Vegh
Vegh L25,2023-11-10,4.40, 79999 ,80,25 ,0.339 PS,Telescopic Forks,Damper Coil Spring,Disc,null,1 ,5.00,5.00,null,null,4-5 hours,787 ,1.56 ,Disc,null,null,4.00,null,null,null,null,null,Vegh
