name,recorded_date,over_all_rating,price_range,range,top_speed,power,front_suspension,rear_suspension,front_type,wheel_type,total_no_of_reviews,design,comfort,reliability_maintenance,kerb_weight,charging_time,seat_height,max_power,battery_capacity,rear_type,mileage_performance,maintenance_cost,features,good_features,bad_features,performance,mileage,safety,value_for_money,styling
River Indie,2023-11-10,4.80,? 1.25 Lakh ,120 km/charge,90 kmph,6700,Telescopic Suspension with Hydraulic Dampers,Coil spring with Twin Hydraulic Dampers,Disc,Alloy,18 ratings,5.00,5.00,4.60,null,null,null,null,null,null,null,null,null,null,null,null,null,null,null,null
Benling India Aura,2023-11-10,3.00,"? 94,296 ",120 km/charge,60 kmph,BLDC 2500W,Telescopic,null,Disc,Stylish Alloy Wheels,42 ratings,null,2.60,5.00,66 Kg,4-Hrs,1175 mm,BLDC 2500W,2.88 kwh,Drum,5.00,null,null,null,null,null,null,null,null,null
Benling India Falcon,2023-11-10,3.80,"? 62,200 - ? 69,540 ",75 km/charge,25 kmph,250W& 60V Brushless Motor,Telescopic,Robust Rear Spring,Disc,null,8 ratings,null,4.00,4.00,66 Kg,7 - 8 Hrs (VRLA)& 4 Hrs (Li-Ion),null,250W& 60V Brushless Motor,1.2 kwh,Drum,4.00,null,null,null,null,null,null,null,null,null
Benling India Kriti,2023-11-10,3.70,"? 56,940 - ? 64,151 ",60 km/charge,25 kmph,250W& 48V Brushless Motor,Telescopic,null,Disc,Alloy Wheels,1 ratings,null,null,null,66 Kg,8 - 9 Hrs (VRLA) & 4 Hrs (Li-Ion),null,250W& 48V Brushless Motor,0.96 kwh,Drum,null,5.00,3.40,null,null,null,null,null,null,null
GT Soul,2023-11-10,4.00,"? 52,861 - ? 75,350 ",55 km/charge,25 kmph,null,Front-Hydraulic Telescopic,Double Shocker With Dual Tube Technology,Drum,null,1 ratings,null,null,null,95 Kg,7-8 Hrs,null,null,1.344 kwh,Drum,null,5.00,3.80,null,null,null,null,null,null,null
GT One,2023-11-10,4.00,"? 62,850 - ? 85,945 ",55 km/charge,25 kmph,null,Front-Hydraulic Telescopic,Double Shocker With Dual Tube Technology”,Disc,null,null,null,null,null,88 Kg,7-8 Hrs,null,null,1.344 kwh,Disc,null,null,null,null,null,null,null,null,null,null
GT Prime,2023-11-10,4.00,"? 57,417 - ? 77,763 ",55 km/charge,25 kmph,null,Hydraulic Telescopic,Double Shocker With Dual Tube Technology,Disc,null,1 ratings,null,null,null,85 Kg,7 - 8 hours,null,null,1.34 kwh,Drum,null,null,null,null,null,null,null,null,null,null
GT One Plus,2023-11-10,4.00,"? 68,982 - ? 86,970 ",55 km/charge,25 kmph,null,Hydraulic Telescopic,Double Shocker With Dual Tube Technology,Disc,null,null,null,null,null,98 Kg,7 - 8 hours,null,null,1.34 kwh,Disc,null,null,null,null,null,null,null,null,null,null
GT Drive Pro,2023-11-10,null,"? 67,801 - ? 90,530 ",55 km/charge,25 kmph,null,Hydraulic Telescopic,Double Shocker With Dual Tube Technology,Disc,null,null,null,null,null,85 Kg,7 - 8 hours,760 mm,null,1.34 kwh,Drum,null,null,null,null,null,null,null,null,null,null
GT Drive Plus,2023-11-10,4.00,? 1.03 Lakh ,80 km/charge,55 kmph,null,Hydraulic Telescopic,Double Shocker With Dual Tube Technology,Drum,null,null,null,null,null,88 Kg,4 - 5 hours,780 mm,null,null,Drum,null,null,null,null,null,null,null,null,null,null
GT Flying,2023-11-10,4.00,"? 54,338 - ? 77,763 ",55 km/charge,60 kmph,null,Hydraulic Telescopic,Double Shocker With Dual Tube Technology,Disc,null,1 ratings,null,null,null,82 Kg,7 - 8 hours,null,null,1.34 kwh,Drum,null,5.00,3.80,null,null,null,null,null,null,null
Maruthisan  MS 3.0,2023-11-10,4.10,? 1.49 Lakh - ? 1.58 Lakh ,140 km/charge,60 kmph,null,Telescopic,adjustable,disc,Alloy,16 ratings,4.90,4.40,null,239 Kg,null,null,null,null,Disc,null,null,4.00,null,null,null,null,null,null,null
Trouve Motor H2,2023-11-10,null,? 1.50 Lakh - ? 2.00 Lakh *,null,null,null,null,null,null,null,null,null,null,null,null,null,null,null,null,null,null,null,null,null,null,null,null,null,null,null
Sokudo Acute,2023-11-10,5.00,? 1.26 Lakh - ? 1.33 Lakh ,150 km/charge,60 kmph,null,null,null,Disc,Alloy,1 ratings,null,null,5.00,null,4,null,null,null,Disc,5.00,null,5.00,null,null,null,null,null,null,null
Vida V1,2023-11-10,4.10,? 1.26 Lakh ,165 km/charge,80 kmph,null,null,null,Disc,null,95 ratings,4.50,4.50,null,null,5 hr 55 min,null,null,null,Drum,4.30,null,null,"Feels well made, strong build qualityRemovable batteries a big boonFeature loaded including removable rear seatHero's unbeatable network in IndiaVida owners can use Ather's grid network for charging","Limited top speed of just 82 km/hNot as quick as Ola S1 Pro, range is also lower on the Vida Slightly on the pricier side ",null,null,null,null,null
Silence S01+,2023-11-10,3.70,? 6.50 Lakh ,137 km/charge,43 kmph,10.19 PS,Adjustable Hydraulic Damping,Adjustable Hydraulic Damping,Disc,null,1 ratings,null,null,null,null,6-8 Hrs,null,null,null,null,null,5.00,3.40,null,null,null,null,null,null,null
iGowise BeiGo,2023-11-10,4.50,? 1.10 Lakh ,150 km km/charge,85 kmph,null,null,null,null,null,3 ratings,5.00,null,4.30,null,null,null,null,null,null,null,null,5.00,null,null,null,null,null,null,null
Zelio Gracy,2023-11-10,3.60,"? 56,675 - ? 59,755 ",120 km/charge,24.9 kmph,null,Hydraulic,null,null,Tubeless,23 ratings,4.10,4.10,null,null,6-8 hours,null,null,1.34 kwh,null,null,null,3.90,null,null,null,null,null,null,null
Zelio Eeva,2023-11-10,5.00,"? 54,575 - ? 57,475 ",120 km/charge,25 kmph,null,Hydraulic,null,null,Tubeless,2 ratings,5.00,null,5.00,null,6-8 hours,null,null,1.34 kwh,null,null,null,5.00,null,null,null,null,null,null,null
Zelio Eeva ZX,2023-11-10,4.20,"? 59,000 - ? 62,000 ",120 km/charge,25 kmph,null,Hydraulic,null,null,Tubeless,4 ratings,4.00,5.00,null,null,6-8 hours,null,null,1.34 kwh,null,5.00,null,null,null,null,null,null,null,null,null
Zelio Gracy i,2023-11-10,3.40,"? 56,825 - ? 59,755 ",120 km/charge,24.9 kmph,null,Hydraulic,null,null,Tubeless,2 ratings,null,null,null,null,6-8 hours,null,null,1.34 kwh,null,null,5.00,3.80,null,null,null,null,null,null,null
Joy E-bike Wolf Plus,2023-11-10,4.50,? 1.16 Lakh ,100 km/charge,55 kmph,1500 W,Hydraulic,Hydraulic,Disc,null,3 ratings,null,5.00,5.00,85 Kg,4-5 hours,null,null,null,Disc,5.00,null,null,Easy to rideEdgy looksGood features including back rest,Inconsistent quality issuesLimited real world range below 100 km,null,null,null,null,null
Joy E-bike Wolf,2023-11-10,3.60,"? 79,900 ",65 km/charge,46 kmph,250 W,Hydraulic,Dual adjustable shock absorbers,Disc,null,23 ratings,null,null,null,81 Kg,3.5 hours,null,250 W,1.86 kwh,Disc,null,null,null,null,null,4.50,4.00,4.00,null,null
Joy E-bike Gen Nxt Nanu Plus,2023-11-10,3.70,? 1.12 Lakh ,100 km/charge,55 kmph,1500 W,Hydraulic,Hydraulic,Disc,null,3 ratings,null,null,null,85 Kg,4-5 hours,null,null,null,Disc,null,4.00,null,A lightweight body makes it easy to handleAttractive instrument consoleDisc brakes on both the ends,A limited number of dealer outlets of Joy E-Bike across the countryLimited sub-100 km real-world range,4.00,5.00,null,null,null
Joy E-bike Glob,2023-11-10,3.40,"? 77,400 ",65 km/charge,25 kmph,250 W,Telescopic Fork type,Dual adjustable shock absorbers,Disc,Alloy,11 ratings,null,null,null,67 Kg,3.5 hours,null,250 W,1.38 kwh,Disc,null,4.00,null,null,null,null,4.00,4.50,null,null
Joy GEN NXT Nanu E-Scooter,2023-11-10,4.00,"? 77,400 ",60 km/charge,46 kmph,250 W,Hydraulic,Hydraulic,Disc,null,6 ratings,5.00,null,null,81 Kg,3.5 hours,null,250 W,1.44 kwh,Disc,null,4.00,null,null,null,null,4.50,null,null,null
Joy E-bike Mihos,2023-11-10,5.00,? 1.49 Lakh ,100 km/charge,70 kmph,1500 W,Telescopic,Mono reversible spring,Disc,null,3 ratings,null,null,null,110 Kg,4 Hours,null,null,null,Disc,null,null,null,null,null,null,null,null,null,null
M2GO Scooters X1,2023-11-10,3.70,? 1.11 Lakh ,120 km/charge,50 kmph,2020 W,null,null,Disc,Alloy,4 ratings,null,3.00,1.00,null,null,null,null,null,Disc,3.00,null,null,null,null,null,null,null,null,null
M2GO Scooters Civitas,2023-11-10,3.80,? 1.27 Lakh ,120 km/charge,85 kmph,2020 W,null,null,Disc,Alloy,1 ratings,null,null,null,null,null,null,null,null,Disc,null,5.00,3.60,null,null,null,null,null,null,null
Kabira Intercity Neo,2023-11-10,3.70,"? 67,490 ",110 km/charge,24 kmph,250 W,Spring Loaded,null,Disc,Alloy,1 ratings,null,null,null,null,4 Hours,null,250 W,2.1 kwh,Drum,null,5.00,3.40,null,null,null,null,null,null,null
Kabira Kollegio Neo,2023-11-10,3.70,"? 55,790 ",100 km/charge,24 kmph,250 W,Spring Loaded,null,Disc,Alloy,1 ratings,null,null,null,null,4 Hours,null,250 W,1.152 kwh,Drum,null,5.00,3.40,null,null,null,null,null,null,null
Kabira Kollegio Plus,2023-11-10,3.70,"? 65,490 ",110 km/charge,24 kmph,250 W,Spring Loaded,null,Disc,Alloy,1 ratings,null,null,null,null,4 Hours,null,250 W,2.1 kwh,Disc,null,5.00,3.40,null,null,null,null,null,null,null
Kabira Aetos 100,2023-11-10,3.70,"? 65,490 ",110 km/charge,24 kmph,250 W,Spring Loaded,null,Disc,Alloy,1 ratings,null,null,null,null,4 Hours,null,250 W,2.1 kwh,Disc,null,5.00,3.40,null,null,null,null,null,null,null
Kabira Hermes 75,2023-11-10,3.70,"? 89,600 ",120 km/charge,40 kmph,250 W,Spring Loaded,null,Disc,Alloy,1 ratings,null,null,null,null,4 Hours,null,250 W,2.4 kwh,Disc,null,5.00,3.40,null,null,null,null,null,null,null
Kabira Mobility Kollegio,2023-11-10,3.70,"? 45,990 ",100 km/charge,24 kmph,null,null,null,Disc,Alloy,1 ratings,null,null,null,null,4 Hours,null,null,1.15 kwh,null,null,5.00,3.40,null,null,null,null,null,null,null
Kabira Mobility Intercity Aeolus,2023-11-10,3.70,"? 71,490 ",110 km/charge,24 kmph,null,Spring Loaded,null,Disc,Alloy,2 ratings,null,null,null,null,04 - 06 Hours,null,null,2.1 kwh,null,null,5.00,3.40,null,null,null,null,null,null,null
Gravton Quanta,2023-11-10,3.30,"? 99,000 ",320 km/charge,70 kmph,3kW,null,null,Disc,Alloy,19 ratings,null,null,null,null,3 Hours,null,null,1.8 kwh,Drum,null,4.00,null,null,null,3.50,null,5.00,null,null
Komaki SE,2023-11-10,4.10,? 96.97 K - ? 1.38 Lakh ,200 km/charge,80 kmph,null,Telescopic,null,Disc,Alloy,17 ratings,null,null,null,null,4 - 5 Hours,null,null,null,Disc,5.00,5.00,null,null,null,5.00,null,null,null,null
Komaki LY,2023-11-10,4.60,"? 95,866 ",60 km/charge,80 kmph,null,null,null,null,null,9 ratings,null,null,null,null,null,null,null,null,null,null,4.60,4.20,null,null,null,null,4.60,null,null
Komaki XGT X-ONE,2023-11-10,3.60,"? 45,000 - ? 78,920 ",85 km/charge,25 kmph,null,null,null,null,Alloy,6 ratings,4.00,null,null,null,6-8 hours,null,null,1.56 kwh,null,4.00,null,4.00,Comfortable seating. Good riding range.Smart looking design.,Aftermarket service can be a hassle.Long charging time.,null,null,null,null,null
Komaki XGT X5,2023-11-10,4.60,"? 72,500 - ? 90,500 ",90 km/charge,62 kmph,null,null,null,null,Alloy,3 ratings,null,null,null,null,4-5 hours,null,null,1.44 kwh,null,null,3.00,null,null,null,5.00,null,5.00,null,null
Komaki Flora,2023-11-10,4.90,"? 79,000 ",75 km/charge,65 kmph,null,null,null,null,null,8 ratings,5.00,5.00,4.30,null,4-5 Hours,null,null,null,null,null,null,null,null,null,null,null,null,null,null
Komaki XGT KM,2023-11-10,4.00,"? 42,500 - ? 93,045 ",85 km/charge,25 kmph,null,Telescopic Shock Absorber,Hydraulic Shock Absorber,null,Alloy,9 ratings,null,null,null,null,6-8 Hours,null,null,1.8 kwh,null,3.00,5.00,3.00,null,null,null,null,null,null,null
Komaki Venice,2023-11-10,3.30,? 77.00 K - ? 1.68 Lakh ,90 km/charge,80 kmph,null,null,null,null,Alloy,3 ratings,null,null,null,null,3-4 hours,null,null,2.88 kwh,Disc,null,4.00,null,null,null,4.00,null,5.00,null,null
Komaki XGT VP,2023-11-10,3.70,"? 62,305 - ? 84,681 ",65 km/charge,25 kmph,null,Telescopic Shocker,Telescopic Shocker,Disc,null,1 ratings,null,null,null,null,4 - 5 Hours,null,null,1.68 kwh,Disc,null,5.00,3.40,null,null,null,null,null,null,null
Komaki DT 3000,2023-11-10,3.10,? 1.21 Lakh ,100 km/charge,90 kmph,null,null,null,null,null,8 ratings,null,null,null,null,null,null,null,null,null,null,5.00,null,Long riding range as compared to the rivalsValue for money as per the segmentSubtle ride qualityLong and wide seat offers a lot of comfort on the goLarge footboard area useful for multiple purposes,Long term reliability is a big question mark Very minute service and dealership networkBattery heat management system reliability is questionable,5.00,5.00,null,null,null
Komaki XGT-X3,2023-11-10,3.80,"? 95,000 ",90 km/charge,25 kmph,null,null,null,null,Alloy,1 ratings,null,null,null,null,null,null,null,null,null,null,5.00,3.60,null,null,null,null,null,null,null
Komaki TN-95,2023-11-10,4.40,"? 98,000 ",180 km/charge,40 kmph,null,null,null,null,Alloy,5 ratings,null,5.00,5.00,null,6-8 Hrs,870 mm,null,3.6 kwh,null,5.00,null,null,null,null,null,null,null,null,null
Komaki X2 Vogue,2023-11-10,3.80,"? 47,000 - ? 88,500 ",85 km/charge,25 kmph,null,Telescopic Shock Absorber,Hydraulic Shock Absorber,null,Alloy,6 ratings,null,null,null,null,6-8 Hrs,null,null,1.44 kwh,null,null,null,null, Good riding rangeSleek looking e-scooter.,Built materials not known.No wide range of service dealerships.,5.00,5.00,3.00,null,null
Komaki Super,2023-11-10,4.20,"? 29,500 ",60 km/charge,37 kmph,350-500 W,null,null,null,Alloy,8 ratings,null,5.00,5.00,null,null,null,350-500 W,0.96 kwh,null,5.00,null,null,null,null,null,null,null,null,null
Odysse Electric Racer,2023-11-10,4.00,"? 85,000 ",170 km/charge,45 kmph,1200 W,Telescopic,Spring loaded hydraulic,Disc,Alloy,1 ratings,null,null,null,null,3.5 hours,810 mm,1200 W,null,null,null,5.00,3.80,null,null,null,null,null,null,null
Odysse Electric Hawk,2023-11-10,3.80,? 74.00 K - ? 1.18 Lakh ,60 km/charge,45 kmph,1800 W,Telescopic,Spring loaded hydraulic,Disc,Alloy,4 ratings,null,null,null,null,4 hours,830 mm,1800 W,null,null,1.00,5.00,3.20,null,null,null,null,null,null,null
Odysse Electric E2Go,2023-11-10,3.70,"? 59,750 - ? 94,100 ",70 km/charge,25 kmph,250 W,Telescopic,Spring Hydraulic,Disc,Alloy,1 ratings,null,null,null,90 Kg,3.5-4 Hours,null,250 W,null,null,null,5.00,3.40,null,null,null,null,null,null,null
Odysse Electric V2,2023-11-10,4.40,"? 77,250 ",75 km/charge,25 kmph,null,Telescopic,null,Disc,null,2 ratings,null,null,null,null,3.5 Hours,null,null,2.6 kwh,null,null,null,4.00,Long riding range capabilityValue for money as compared to the rivalsValue for money as compared to the rivals,Small dealer & service networkLong term reliability is questionableDesign is very subjective,5.00,null,4.00,null,null
Odysse Electric V2 Plus,2023-11-10,4.00,? 1.00 Lakh ,150 km/charge,25 kmph,null,Telescopic,Heavy Spring loaded,Disc,null,1 ratings,null,null,null,null,3.5 Hours,null,null,null,Drum,null,5.00,3.80,Long riding range capabilityValue for money as compared to the rivalsLooks unique in terms of design,Small dealer & service networkLong term reliability is questionable Design is very subjective,null,null,null,null,null
Odysse Electric Trot,2023-11-10,5.00,"? 99,999 ",75 km/charge,25 kmph,null,null,null,Drum,null,1 ratings,null,null,5.00,null,null,null,null,1.92 kwh,Disc,5.00,null,5.00,null,null,null,null,null,null,null
Simple One,2023-11-10,4.10,? 1.45 Lakh ,300 km/charge,105 kmph,null,Telescopic Fork,Mono Tube - Mono Shock,Disc,null,283 ratings,4.20,null,null,null,3 Hrs,null,null,null,Disc,null,4.40,null,212km of promised range in 94% battery useSorter dynamics - rides well and handles like a gem! The quickest EV scooter you can buy in IndiaLooks modern with LED lights all around,Size could have been biggerPricier than the initial promised priceHeavier than the initially showcased model ,null,null,4.30,null,null
Techo Electra Raptor,2023-11-10,3.80,"? 76,178 ",100 km/charge,null,250 W,Telescopic,Dual Mono,Disc,null,1 ratings,null,null,null,60 Kg,3-4 Hrs,null,250 W,1.8 kwh,Drum,null,5.00,3.60,null,null,null,null,null,null,null
Techo Electra Emerge,2023-11-10,3.80,"? 73,079 ",100 km/charge,25 kmph,250 W,Telescopic,Dual Mono,Disc,null,1 ratings,null,null,null,58 Kg,3-4 Hrs,null,250 W,1.8 kwh,Drum,null,5.00,3.60,null,null,null,null,null,null,null
Techo Electra Neo EV,2023-11-10,3.20,"? 55,053 ",60 km/charge,25 kmph,250 W,Telescopic,Dual Mono,Drum,null,2 ratings,null,null,null,51 Kg,2.5 - 4 Hrs,null,250 W,1.152 kwh,Drum,null,5.00,3.40,null,null,null,null,null,null,null
Techo Electra Saathi,2023-11-10,3.70,"? 62,738 ",80 km/charge,25 kmph,250 W,Telescopic,Dual Mono,Drum,null,null,null,null,null,60 Kg,2.5 - 4 Hrs,null,250 W,1.152 kwh,Drum,null,null,null,null,null,null,null,null,null,null
Yukie Scooters Yuvee,2023-11-10,3.60,"? 44,385 ",50 km/charge,25 kmph,250 W,null,null,Drum,Alloy,2 ratings,null,null,null,null,4-6 Hours,750 mm,250 W,0.96 kwh,Drum,null,3.00,5.00,null,null,3.00,null,null,null,null
Yukie Scooters Shiga,2023-11-10,4.50,"? 51,115 ",60 km/charge,25 kmph,250 W,null,null,Disc,Alloy,2 ratings,null,5.00,null,null,4-6 Hours,760 mm,250 W,1.5 kwh,Drum,5.00,5.00,null,null,null,null,null,null,null,null
Lohia Oma Star,2023-11-10,4.40,"? 41,444 ",60 km/charge,25 kmph,250 watts,Telescopic,Hydraulic (Coil Type),Drum,null,2 ratings,null,null,null,null,6-8 Hrs,770 mm,250 watts,0.24 kwh,Drum,null,5.00,3.60,100 km claimed riding range.Conventional design.Lightweight electric scooter.No RC and Licence required to rideTakes less than 3 hours to charge. ,Fewer dealerships and workshops.Poor riding rangePoor top speed.Single colour option.,null,null,null,null,null
Lohia Oma Star Li,2023-11-10,4.60,"? 51,750 ",60 km/charge,25 kmph,> 250 W,Hydraulic (Telescopic Type),Hydraulic (Coil Type),Drum,null,1 ratings,null,null,null,90 Kg,Less than 3 hours,770 mm,> 250 W,0.96 kwh,Drum,null,5.00,5.00,100 km claimed riding range.Lightweight electric scooter.Takes less than 3 hours to chharge. ,Fewer dealerships and workshops.Single colour option.,null,5.00,null,null,null
One Moto Electa,2023-11-10,4.50,? 1.99 Lakh ,150 km/charge,85 kmph,null,null,null,Hydraulic Disc,null,2 ratings,null,null,null,115 Kg,4 Hours,null,null,null,Hydraulic Disc,null,5.00,3.80,null,null,null,null,null,null,null
One Moto Commuta,2023-11-10,4.00,? 1.30 Lakh ,80 km/charge,55 kmph,null,null,null,Hydraulic Disc,null,1 ratings,null,null,null,102 Kg,4 Hours,null,null,null,Drum,null,5.00,3.80,null,null,null,null,null,null,null
One Moto Byka,2023-11-10,4.00,? 1.80 Lakh ,150 km/charge,85 kmph,null,null,null,Hydraulic Disc,null,1 ratings,null,null,null,115 Kg,5 Hours,null,null,null,Hydraulic Disc,null,5.00,3.80,null,null,null,null,null,null,null
BGauss D15,2023-11-10,3.70,? 1.35 Lakh - ? 1.36 Lakh ,115 km/charge,60 kmph,null,Hydraulic Telescopic,Double Hydraulic spring - 3 Step Adjustable,Drum,null,7 ratings,4.30,3.70,null,null,5 hours 30 minutes,765 mm,null,null,Drum,3.70,null,null,Long riding range as compared to the rivalsValue for money as per the segmentSubtle ride qualityLong and wide seat offers a lot of comfort on the goIconic moped-fetched design looks uber cool,"Long term reliability is a big question markVery minute service and dealership networkNo disc brakes, every rival has them",null,null,null,null,null
BGauss C12i Max,2023-11-10,4.30,? 100.00 K - ? 1.20 Lakh ,135 km/charge,50 kmph,null,Hydraulic Telescopic,Double Hydraulic Spring - 4 Step Adjustable,Drum,null,41 ratings,4.20,4.20,4.20,null,6-7 hours,765 mm,null,3.2 kwh,Drum,null,null,null,null,null,null,null,null,null,null
Kinetic Green Zing,2023-11-10,3.00,"? 71,500 - ? 79,500 ",100 km/charge,45 kmph,null,null,null,Disc,Alloy,29 ratings,null,null,3.20,null,null,null,null,1.29 kwh,null,3.40,null,3.20,null,null,null,null,null,null,null
Kinetic Green Zoom,2023-11-10,null,"? 75,100 - ? 82,500 ",100 km/charge,45 kmph,null,null,null,Disc,Alloy,12 ratings,null,null,null,null,3-4 hours,null,null,1.29 kwh,null,null,4.00,null,null,null,5.00,null,4.00,null,null
HCD India NPS Cargo,2023-11-10,4.00,"? 54,500 - ? 58,500 ",70 km/charge,25 kmph,250 W,Telescopic,Hydraulic Quad Shock,Disc,null,1 ratings,null,null,null,80 Kg,3 Hours,null,250 W,null,Drum,null,5.00,3.80,null,null,null,null,null,null,null
Evtric Motors Ride,2023-11-10,3.50,"? 67,996 ",75 km/charge,25 kmph,250 W,Telescopic suspension,Hydraulic adjustable suspension,null,Aluminum / Iron,14 ratings,null,null,null,150 Kg,3.5 Hrs,null,250 W,1.25 kwh,null,null,4.00,null,null,null,4.00,null,5.00,null,null
Evtric Motors Rise,2023-11-10,3.80,? 1.06 Lakh ,100 km/charge,70 kmph,null,Telescopic,Hydraulic adjustable suspension,Combi Brake Disc,null,null,null,null,null,null,4 Hours,null,null,null,Disc,null,null,null,null,null,null,null,null,null,null
Evtric Motors Axis,2023-11-10,4.40,"? 75,482 ",75 km/charge,25 kmph,250 W,Telescopic suspension,Hydraulic adjustable suspension,null,Aluminum / Iron,2 ratings,5.00,5.00,5.00,150 Kg,3.5 Hrs,700 mm,250 W,1.25 kwh,null,null,null,null,null,null,null,null,null,null,null
Evtric Motors Connect,2023-11-10,null,"? 75,000 ",106 km/charge,55 kmph,null,Hydraulic Telescopic,null,Disc,Alloy,null,null,null,null,null,4 to 5hrs,null,null,2.036 kwh,Disc,null,null,null,null,null,null,null,null,null,null
Evtric Motors Mighty,2023-11-10,4.30,"? 92,000 ",null,25 kmph,null,Hydraulic (Telescopic Type),Coil Loaded Adjustable,Disc,null,30 ratings,4.80,5.00,4.30,null,4-5 Hours,null,null,1.2 kwh,Disc,null,null,null,null,null,null,null,null,null,null
Ampere Magnus EX,2023-11-10,3.60,? 1.05 Lakh ,80 km/charge,50 kmph,null,Telescopic,Coil Spring,Drum,Alloy,19 ratings,null,null,null,82 Kg,6-7 Hours,null,null,null,Drum,3.80,5.00,3.80,null,null,null,null,null,null,null
Ampere Zeal EX,2023-11-10,4.00,"? 96,690 ",80 km/charge,50 kmph,null,Telescopic,Twin Tube,Drum,Steel,5 ratings,null,null,null,80 Kg,5 Hours,null,null,2.3 kwh,Drum,null,5.00,3.80,Lightweight scooter.Portable battery so it can be charged anywhere.Top speed of 55kmph makes city commuting easier.,Limited service workshops.Priced expensive. ,null,null,null,null,null
Ampere Primus,2023-11-10,3.50,? 1.46 Lakh ,107 km/charge,77 kmph,null,Hydraulic Telescopic,Dual shocker,Drum,Alloy,8 ratings,null,4.00,null,130 Kg,5 Hours,null,null,null,Drum,null,5.00,3.70,null,null,null,null,null,null,null
ADMS Sathi,2023-11-10,4.40,"? 99,000 ",80 km/charge,78 kmph,null,Hydraulic,null,Disc,Alloy,29 ratings,4.80,5.00,null,null,null,null,null,1.56 kwh,Disc,null,4.50,null,null,null,null,null,null,null,null
ADMS Maevel,2023-11-10,4.30,"? 97,000 ",70 km/charge,70 kmph,null,Hydraulic,Telescopic,Drum,Alloy,29 ratings,4.70,5.00,4.30,null,03-Apr,null,null,1.248 kwh,Drum,null,null,null,null,null,null,null,null,null,null
ADMS EVA,2023-11-10,4.30,? 1.35 Lakh ,90 km/charge,25 kmph,null,null,null,Disc,Alloy,29 ratings,4.80,5.00,4.20,null,null,null,null,null,Drum,null,null,null,null,null,null,null,null,null,null
ADMS Rame,2023-11-10,4.30,? 1.25 Lakh ,100 km/charge,78 kmph,null,null,null,null,Alloy,29 ratings,4.60,5.00,4.40,null,null,null,null,null,null,null,null,null,null,null,null,null,null,null,null
ADMS Mantra,2023-11-10,4.40,"? 98,000 ",60 km/charge,85 kmph,null,Hydraulic Shock Absorber,null,Disc,Alloy,28 ratings,4.80,5.00,null,null,04-Aug,null,null,1.248 kwh,Drum,null,5.00,null,null,null,null,null,null,null,null
Prevail Electric Elite,2023-11-10,4.00,? 1.29 Lakh ,220 km/charge,80 kmph,null,Hydraulic damping,null,Disc,Alloy,1 ratings,null,null,null,null,8 Hours,null,null,null,Disc,null,5.00,3.80,null,null,null,null,null,null,null
Prevail Electric Wolfury,2023-11-10,4.00,"? 89,999 ",110 km/charge,50 kmph,null,Hydraulic damping,null,Disc,Alloy,1 ratings,null,null,null,null,4 Hours,null,null,null,Disc,null,5.00,3.80,null,null,null,null,null,null,null
Prevail Electric Finesse,2023-11-10,4.00,"? 99,999 ",110 km/charge,60 kmph,null,null,null,Disc,Aluminum alloy,1 ratings,null,null,null,null,4 Hours,null,null,null,Disc,null,5.00,null,null,null,4.00,5.00,null,null,null
Merico Eagle-100 (4.8),2023-11-10,3.80,"? 42,850 ",null,24.9 kmph,250 W,Telescopic,null,Drum,Alloy,1 ratings,null,null,null,55 Kg,6-7 Hours,null,250 W,null,Drum,null,5.00,3.60,null,null,null,null,null,null,null
Merico Eagle-100 (6.0),2023-11-10,3.80,"? 49,781 ",null,25 kmph,250 W,Telescopic,Hydraulic,Drum,null,1 ratings,null,null,null,59 Kg,6-7 Hours,null,250 W,null,Drum,null,5.00,3.60,null,null,null,null,null,null,null
Merico Fashia,2023-11-10,4.00,"? 61,311 ",null,60 kmph,250 W,Telescopic,null,Disc,Alloy,1 ratings,null,null,null,58.6 Kg,6-7 Hours,null,250 W,null,Drum,null,5.00,3.80,null,null,null,null,null,null,null
Merico Evanka,2023-11-10,4.00,"? 62,505 ",null,25 kmph,250 W,Telescopic,null,Disc,Alloy,1 ratings,null,null,null,58.5 Kg,6-7 Hours,null,250 W,null,Disc,null,5.00,3.80,null,null,null,null,null,null,null
Merico Speedstar,2023-11-10,4.00,"? 53,692 ",null,25 kmph,250 W,Telescopic,null,Disc,Alloy,1 ratings,null,null,null,59.9 Kg,6-7 Hours,null,250 W,null,Drum,null,5.00,3.80,null,null,null,null,null,null,null
Hero Electric Optima,2023-11-10,3.70,? 1.07 Lakh - ? 1.30 Lakh ,140 km/charge,45 kmph,null,null,null,null,Alloy,88 ratings,null,null,null,null,4-5 Hours,null,null,null,null,null,4.30,4.30,Design has a wide appeal owing to conventional stylingGets Telescopic Forks and Alloy WheelsQuite well priced as compared to some of the rivals,Ride quality could have been betterSome owners have reported niggles with electricals,null,null,4.20,null,null
Hero Electric Photon,2023-11-10,3.00,"? 86,391 ",60 km/charge,42 kmph,1000-1400 W,Telescopic,null,Drum,Tubeless,26 ratings,null,null,null,116 Kg,8-10 hours,768 mm,1000-1400 W,1.44 kwh,Drum,null,3.60,null,"1500W (output) BLDC motor18 Ltr storageDecent build quality & fit and finishDisc BrakesHero's widespread service network is a peace of mind in itselfNimble in size, easy to maneuver in trafficThe portable battery pack is a boon for riders",Feels dated alreadyhardware should be improvedLong term reliability is questionableLow ground clearance Plain jane design,4.00,null,4.40,null,null
Hero Electric NYX,2023-11-10,4.10,"? 67,540 - ? 86,540 ",55 km/charge,42 kmph,600 - 1300 W,Telescopic,null,null,null,19 ratings,null,4.30,null,87 Kg,4-5 hours,null,null,null,null,null,4.10,null,High Ground ClearanceTelescopic SuspensionGreen and environment friendly, Build QualityPoor ServiceSpeed,4.20,null,null,null,null
Hero Electric Atria,2023-11-10,3.90,"? 77,690 ",8590 km/charge,25 kmph,250 W,Telescopic,null,null,Alloy,22 ratings,null,null,null,null,4-5 hours,null,250 W,1.53 kwh,null,null,4.30,null,null,null,null,4.40,4.60,null,null
Hero Electric Eddy,2023-11-10,4.20,"? 72,000 ",85 km/charge,25 kmph,null,null,null,null,Tubeless,15 ratings,null,5.00,5.00,null,4-5 Hours,null,null,1.53 kwh,null,5.00,null,null,null,null,null,null,null,null,null
Geliose Hope,2023-11-10,4.20,"? 46,999 ",75 km/charge,25 kmph,null,Telescopic,Telescopic suspension,null,Alloy Wheels,1 ratings,null,null,null,null,3 Hours 12 Minutes,- mm,null,1.44 kwh,null,null,5.00,null,Good riding range.Multiple battery options.Quick charging.,Design too outdated. Not worthy of the price.,4.00,5.00,null,null,null
Bajaj Chetak,2023-11-10,3.90,? 1.20 Lakh ,108 km/charge,63 kmph,5.55 PS,Leading-link Suspension,Monoshock,Dsic,null,213 ratings,null,4.30,null,133 Kg,5 Hours,760 mm,null,null,Drum,null,4.40,null,Attractive design and road presenceBajajâ€™s trustworthy service networkGood mileageOverall good product quality,Ideal driving range less than the rivalsModest PerformanceMore priceNot as nimble as some rivals,4.30,null,null,null,null
Wroley E-Scooter Posh,2023-11-10,4.00,"? 78,100 ",90 km/charge,null,null,Hydraulic damping,Hydraulic damping,Disc,null,1 ratings,null,null,null,null,4 Hours,null,null,1.8 kwh,Drum,null,5.00,3.80,null,null,null,null,null,null,null
Wroley E-Scooter Platina,2023-11-10,4.60,"? 73,700 ",90 km/charge,null,null,Hydraulic damping,Hydraulic damping,Disc,null,2 ratings,null,null,null,null,4 Hours,640 mm,null,1.8 kwh,Drum,null,null,null,null,null,null,null,null,null,null
Wroley E-Scooter Mars,2023-11-10,null,"? 66,000 ",90 km/charge,null,null,Hydraulic damping,Hydraulic damping,Disc,null,null,null,null,null,null,4 Hours,640 mm,null,1.8 kwh,Drum,null,null,null,null,null,null,null,null,null,null
Okaya Electric Faast F3,2023-11-10,4.90,? 1.25 Lakh ,120 km/charge,70 kmph,null,Telescopic,Spring Loaded,Drum,Steel,8 ratings,null,5.00,5.00,null,4-5 hours,null,null,null,Drum,5.00,null,null,null,null,null,null,null,null,null
Okaya Freedum,2023-11-10,3.60,"? 74,899 ",70 km/charge,25 kmph,250 W,Telescopic,Spring Loaded,Drum,Steel,14 ratings,null,null,null,null,4 - 5 hours,null,250 W,1.4 kwh,Drum,null,5.00,null,null,null,4.00,4.00,null,null,null
Okaya ClassIQ,2023-11-10,3.90,"? 58,450 - ? 74,499 ",60 km/charge,25 kmph,250 W,Telescopic,Spring Loaded,Disc,Steel,11 ratings,4.00,null,null,null,4-5 hours,null,250 W,1.4 kwh,Drum,4.00,5.00,null,null,null,null,null,null,null,null
Okaya  Faast F2F,2023-11-10,3.50,"? 99,950 ",70 km/charge,55 kmph,null,Telescopic,Spring Loaded,Drum,Steel,3 ratings,null,null,null,null,4-6 hours,null,null,2.2 kwh,Drum,null,5.00,3.20,null,null,null,null,null,null,null
Okaya Electric Motofaast,2023-11-10,4.40,? 1.37 Lakh ,130 km/charge,70 kmph,4.07 Ps,Telescopic Suspension,Spring loaded,Disc,Alloy,2 ratings,4.50,5.00,4.50,null,4 - 5 Hours,null,null,null,Disc,null,null,null,null,null,null,null,null,null,null
Okaya Faast 4,2023-11-10,3.80,? 1.33 Lakh ,140 km/charge,70 kmph,null,Telescopic,Spring Loaded,Drum,Steel,80 ratings,null,null,null,null,4-5 hours,null,null,null,Drum,2.40,5.00,2.20,null,null,null,null,null,null,null
Okaya Faast F2T,2023-11-10,3.70,"? 99,400 ",80 km/charge,70 kmph,null,Telescopic,Dual Spring Loaded,Drum,null,2 ratings,null,null,null,null,3-4 Hours,null,null,2.16 kwh,Drum,1.00,5.00,3.00,null,null,null,null,null,null,null
Okaya Faast F2B,2023-11-10,3.90,"? 99,950 ",80 km/charge,70 kmph,null,Telescopic,Spring Loaded,Drum,Steel,8 ratings,4.00,null,4.00,null,3-4 hours,null,null,2.2 kwh,Drum,null,5.00,null,null,null,null,null,null,null,null
Velev Motors VEV 01,2023-11-10,4.40,"? 32,500 ",80 km/charge,25 kmph,250 W,null,null,Drum,Alloy,2 ratings,null,null,null,34 Kg,6-8 Hours,null,250 W,1.152 kwh,Drum,null,null,null,null,null,null,null,null,null,null
Velev Motors VIO,2023-11-10,4.00,"? 52,000 ",70 km/charge,25 kmph,250 W,null,null,Drum,Alloy,1 ratings,null,null,null,null,2-3 Hours,null,250 W,0.96 kwh,Drum,null,5.00,3.80,null,null,null,null,null,null,null
Greta Electric Harper,2023-11-10,3.40,"? 60,000 - ? 92,000 ",100 km/charge,40 kmph,null,null,null,Disc,Alloy,3 ratings,null,null,1.00,null,4 Hrs,null,null,1.44 kwh,Drum,null,5.00,3.30,null,null,null,null,null,null,null
Greta Electric Glide,2023-11-10,4.00,"? 80,000 ",100 km/charge,80 kmph,null,null,null,null,null,1 ratings,null,null,null,null,null,null,null,null,null,null,5.00,3.80,null,null,null,null,null,null,null
Greta Electric eVespa,2023-11-10,3.50,"? 60,000 - ? 92,000 ",100 km/charge,60 kmph,null,null,null,Disc,Alloy,2 ratings,null,null,null,null,4 Hrs,null,null,1.44 kwh,Drum,null,5.00,3.80,null,null,null,null,null,null,null
Greta Electric Harper ZX,2023-11-10,4.60,"? 41,999 ",80 km/charge,40 kmph,null,null,null,null,null,8 ratings,5.00,5.00,null,null,3 Hours,null,null,null,null,5.00,null,null,null,null,null,null,null,null,null
DAO Electric ZOR 405,2023-11-10,3.70,"? 88,656 ",70 km/charge,45 kmph,null,Telescopic Fork,Double Shocker,3.00-10,null,1 ratings,null,null,null,80 Kg,null,720 mm,null,1.38 kwh,90/90-12,null,5.00,3.40,null,null,null,null,null,null,null
DAO Electric Model 703,2023-11-10,4.50,? 1.14 Lakh ,100 km/charge,70 kmph,null,Telescopic Fork,Double Shocker,120/70-12,null,3 ratings,5.00,5.00,null,80 Kg,null,745 mm,null,null,100/80-12,5.00,null,null,null,null,null,null,null,null,null
DAO Electric Vidyut 108,2023-11-10,null,"? 86,449 ",80 km/charge,25 kmph,null,Telescopic Fork,Double Shocker,100/80-12,null,4 ratings,2.00,2.00,null,80 Kg,null,725 mm,null,0.9 kwh,100/80-12,1.00,null,null,null,null,null,null,null,null,null
EeVe Soul,2023-11-10,4.10,? 1.20 Lakh ,120 km/charge,60 kmph,null,TELESCOPIC SUSPENSION,4 Step Adjustable coil spring suspension,Double Disc,null,3 ratings,null,null,null,null,4 to 5 Hours,null,null,null,Drum,null,4.00,5.00,Agile design.Feature-loaded.Swappable batteries.,No under-seat storage.Quite expensive.,null,5.00,null,null,null
EeVe Xeniaa,2023-11-10,4.60,"? 79,999 - ? 86,999 ",80 km/charge,25 kmph,null,Telescopic Hydraulic,null,null,Alloy,6 ratings,null,5.00,null,null,3-4 hours,null,null,1.2 kwh,Disc,5.00,5.00,null,null,null,null,null,null,null,null
EeVe Wind,2023-11-10,null,"? 59,999 ",70 km/charge,25 kmph,null,Telescopic Hydraulic,null,null,Alloy,null,null,null,null,null,6-7 hours,null,null,1.62 kwh,Disc,null,null,null,null,null,null,null,null,null,null
EeVe Ahava,2023-11-10,3.00,"? 62,499 ",70 km/charge,25 kmph,null,Telescopic Hydraulic,null,null,Alloy,6 ratings,null,null,null,null,6-7 hours,null,null,1.62 kwh,Disc,null,4.50,null,null,null,null,5.00,5.00,null,null
EeVe Atreo,2023-11-10,3.70,"? 68,999 ",85 km/charge,25 kmph,null,Telescopic Hydraulic,null,null,Alloy,1 ratings,null,null,null,null,6-7 hours,null,null,1.4 kwh,Disc,null,5.00,3.40,null,null,null,null,null,null,null
Evolet Pony,2023-11-10,4.20,"? 45,999 - ? 59,999 ",60 km/charge,25 kmph,null,Hydraulic Telescopic,Double Shocker with dual tube technology,Tubeless,Alloy,9 ratings,5.00,5.00,null,82 Kg,8 - 9 Hours,null,null,1.15 kwh,null,null,null,3.00,null,null,null,null,null,null,null
Evolet Dhanno,2023-11-10,3.50,"? 76,999 ",80 km/charge,25 kmph,null,Hydraulic Telescopic,Double Shocker with dual tube technology,Tubeless,Alloy,1 ratings,null,null,null,96 Kg,3 - 4 hours,695 mm,null,1.87 kwh,null,null,5.00,3.20,450 kg loading capacity.80 km riding range.Latest Features.LED headlightsLightweightSmart design.,Quite expensiveTakes 4 hours of charging time.Too expensive at this rateTop speed only 25kmph.,null,null,null,null,null
Evolet Polo,2023-11-10,4.10,"? 51,999 - ? 69,999 ",65 km/charge,25 kmph,null,Hydraulic Telescopic,Double Shocker with dual tube technology,Tubeless,Alloy,4 ratings,null,null,null,96 Kg,8 - 9 Hours,null,null,1.15 kwh,null,null,5.00,3.40,null,null,null,null,null,null,null
Evolet Derby,2023-11-10,4.30,"? 56,999 - ? 78,999 ",65 km/charge,25 kmph,null,Hydraulic Telescopic,Double Shocker with dual tube technology,Tubeless,Alloy,3 ratings,null,null,null,85 Kg,8 - 9 Hours,750 mm,null,1.15 kwh,null,null,5.00,3.40,null,null,null,null,null,null,null
Hop Electric Leo,2023-11-10,3.90,"? 84,360 ",75 km/charge,25 kmph,null,Telescopic Fork,Hydrolic spring loaded shock,null,Alloy,9 ratings,5.00,5.00,null,null,3 Hours,null,null,1.48 kwh,null,null,null,null,Fast charging.Multiple riding modes.Removeable battery. ,Poor riding rangePoor top speed.,5.00,null,null,null,null
Hop Electric Leo Extended,2023-11-10,5.00,"? 97,504 ",120 km/charge,60 kmph,null,Telescopic Fork,Hydrolic spring loaded shock,null,Alloy,2 ratings,5.00,null,5.00,null,3 Hours,null,null,1.48 kwh,null,null,null,5.00,null,null,null,null,null,null,null
Hop Electric LYF,2023-11-10,4.20,"? 67,500 - ? 74,500 ",75 km/charge,25 kmph,null,Telescopic Fork,Hydrolic spring loaded shock,null,Alloy,20 ratings,null,4.10,null,null,3 Hours,null,null,1.48 kwh,null,4.10,null,4.10,3 Different riding modes.Quick charging time.Smart design.,Extended version too costly.Fewer dealerships.,null,null,null,null,null
iVOOMi JeetX,2023-11-10,4.10,? 100.00 K - ? 1.04 Lakh ,70-100 km/charge,25 kmph,null,Telescopic,Spring Loaded Telescopic,null,Alloy,7 ratings,3.00,null,3.00,79 Kg,2.5 - 3 Hours,770 mm,null,1.5 kwh,null,3.00,null,null,null,null,null,null,null,null,null
iVOOMi S1,2023-11-10,3.40,"? 84,999 ",115 km/charge,55 kmph,null,null,null,null,Alloy,18 ratings,null,null,null,75 Kg,3-4 Hours,null,null,2 kwh,null,null,4.00,null,null,null,null,5.00,4.00,null,null
iVOOMi City-1,2023-11-10,3.70,"? 79,143 ",90 km/charge,65 kmph,1500 W,null,null,Tubeless,Alloy,1 ratings,null,null,null,null,3-4 hours,null,1500 W,1.8 kwh,Tubeless,null,5.00,3.40,null,null,null,null,null,null,null
iVOOMi City,2023-11-10,null,"? 81,499 ",90 km/charge,65 kmph,1200 W,null,null,Tubeless,Alloy,4 ratings,1.00,null,1.00,null,3-4 hours,760 mm,1200 W,1.92 kwh,Tubeless,1.00,null,null,null,null,null,null,null,null,null
iVOOMi Jeet,2023-11-10,4.40,"? 79,999 - ? 94,999 ",130 km/charge,50 kmph,null,null,null,null,Alloy,2 ratings,null,null,null,null,null,760 mm,null,2 kwh,null,null,5.00,3.60,null,null,null,null,null,null,null
GRP EV 11 Mini,2023-11-10,3.50,"? 74,500 ",100 km/charge,50 kmph,null,null,null,null,Alloy,4 ratings,null,null,null,null,3 - 4 hours,880 mm,null,null,null,null,4.70,4.30,null,null,4.30,null,null,null,null
GRP EV 11 Pro,2023-11-10,4.40,"? 84,000 ",100 km/charge,50 kmph,null,null,null,null,Alloy,5 ratings,null,5.00,5.00,null,3 - 4 hours,880 mm,null,null,null,5.00,null,null,null,null,null,null,null,null,null
GRP EV 11 Max,2023-11-10,4.30,"? 82,000 ",100 km/charge,50 kmph,null,null,null,null,Alloy,4 ratings,null,null,null,null,3 - 4 hours,880 mm,null,null,null,null,4.30,4.80,null,null,null,4.50,null,null,null
Crayon Zeez,2023-11-10,3.70,"? 48,000 - ? 58,000 ",null,25 kmph,250 W,null,null,Disc,Alloy,2 ratings,null,null,null,null,null,null,250 W,48 kwh,null,null,5.00,3.40,null,null,null,null,null,null,null
Crayon Envy,2023-11-10,3.40,"? 53,000 - ? 65,000 ",null,25 kmph,250 W,null,null,Disc,Alloy,2 ratings,null,null,null,null,null,null,250 W,null,null,null,5.00,3.40,null,null,null,null,null,null,null
TVS iQube Electric,2023-11-10,4.00,? 1.56 Lakh - ? 1.62 Lakh ,100 km/charge,78 kmph,5.98 PS,Telescopic,Hydraulic twin tube shock absorber,Disc,null,211 ratings,4.60,4.30,null,117.2 Kg,5 Hours,770 mm,null,null,Drum,null,null,null,Extremely good ride quality and comfortable seatElectric motor is completely noise free Good quality of panels and switch gear,Not as quick or fast as the Ola S1 ProLimited riding range as compared to rivals,null,null,4.20,null,null
TVS X EV,2023-11-10,4.30,? 2.50 Lakh ,140 km/charge,105 kmph,14.95 PS,Telescopic,Monoshock,Disc,null,129 ratings,4.90,4.80,null,null,4 Hours,770 mm,null,null,Disc,null,4.00,null,Futuristic and sporty design languagePowerful motor and 140 km of rangeFeature-loaded and advanced technology,Bit priceyNot a family-friendly scooter,null,null,null,null,null
PURE EV Epluto,2023-11-10,null,"? 74,999 ",90 km/charge,25 kmph,0.40 Ps,null,null,Disc,Alloy Wheels,27 ratings,2.20,2.00,1.80,79 Kg,4 Hours,null,1.5 kWh,2.5 kwh,Drum,null,null,null,null,null,null,null,null,null,null
PURE EV ETrance NEO,2023-11-10,4.70,"? 78,999 - ? 93,999 ",85 km/charge,60 kmph,3 Ps,Telescopic,null,Drum,Cast Aluminum Wheels,9 ratings,5.00,5.00,null,49 Kg,4 Hours,null,1.5 kWh,2.5 kwh,Drum,5.00,null,null,null,null,null,null,null,null,null
PURE EV Epluto 7G,2023-11-10,5.00,? 84.00 K - ? 1.15 Lakh ,90 km/charge,60 kmph,3 Ps,Telescopic,null,null,Alloy,56 ratings,3.00,null,2.40,79 Kg,4 Hours,760 mm,2200 W,2.5 kwh,null,null,null,2.40,null,null,null,null,null,null,null
SES Eagle,2023-11-10,3.60,"? 66,000 - ? 77,000 ",75  km/charge,25 kmph,250 W,Telescopic,Coil type,Disc,null,5 ratings,null,null,null,null,4-5 Hrs,null,250 W,1.2 kwh,Drum,null,5.00,3.40,null,null,null,null,null,null,null
SES Fly,2023-11-10,3.70,"? 57,000 ",75  km/charge,25 kmph,250 W,Telescopic,Coil type,Drum,null,1 ratings,null,null,null,null,4-5 Hrs,null,250 W,2.88 kwh,Drum,null,5.00,3.40,null,null,null,null,null,null,null
SES Tuff,2023-11-10,3.70,"? 67,000 ",75  km/charge,25 kmph,250 W,Telescopic,Coil type,Drum,null,1 ratings,null,null,null,null,4-5 Hrs,null,250 W,1.2 kwh,Disc,null,5.00,3.40,null,null,null,null,null,null,null
SES Zoom,2023-11-10,3.70,"? 63,000 ",75  km/charge,25 kmph,250 W,Telescopic,Coil type,Drum,null,1 ratings,null,null,null,null,4-5 Hrs,null,250 W,1.2 kwh,Drum,null,5.00,3.40,null,null,null,null,null,null,null
SES Bold,2023-11-10,3.70,"? 87,000 ",100 km/charge,25 kmph,250 W,Telescopic,Coil type,Disc,null,1 ratings,null,null,null,null,4-5 Hrs,null,250 W,1.8 kwh,Drum,null,5.00,3.40,null,null,null,null,null,null,null
SES Hobby,2023-11-10,4.30,"? 90,140 ",null,25 kmph,null,Telescopic,Coil type,Drum,null,30 ratings,4.80,5.00,4.30,null,3-4 hours,null,null,null,Drum,null,null,null,null,null,null,null,null,null,null
Energy Automobile EvOne,2023-11-10,4.30,"? 60,000 ",90 km/charge,25 kmph,null,Fork Type Hydraulic Telescopic,Hydraulic Coil Spring,Disc,Alloy,29 ratings,4.80,5.00,null,null,2 to 4 hours,null,null,1.8 kwh,Disc,null,4.50,null,null,null,null,null,null,null,null
Quantum Elektron,2023-11-10,3.20,"? 91,000 ",80 km/charge,50 kmph,null,Telescopic fork tubes,Dual shock,Disc,null,4 ratings,3.00,null,null,null,3-4 hours,755 mm,null,1.822 kwh,Drum,null,5.00,3.30,null,null,null,null,null,null,null
Quantum Plasma,2023-11-10,4.60,? 1.25 Lakh ,115 km/charge,60 kmph,null,null,null,Disc,Aluminum,2 ratings,null,null,null,null,null,null,null,null,null,null,null,null,null,null,null,null,null,null,null
Quantum Bziness,2023-11-10,null,"? 96,499 ",80 km/charge,50 kmph,null,null,null,Disc,Tubeless,null,null,null,null,null,3-4 Hours,805 mm,null,null,Disc,null,null,null,null,null,null,null,null,null,null
Quantum Milan,2023-11-10,4.10,"? 89,000 ",80 km/charge,50 kmph,null,Telescopic fork tubes,Dual shock,Disc,null,2 ratings,null,null,null,null,3-4 hours,745 mm,null,1.822 kwh,Disc,null,5.00,3.40,null,null,null,null,null,null,null
Tunwal Sport 63 Mini,2023-11-10,3.70,"? 49,990 ",85 km/charge,25 kmph,null,Hydrolic Suspention,Hydrolic Suspention,Drum,null,8 ratings,3.00,null,null,null,6-7 hrs,null,null,1.56 kwh,Drum,3.00,null,3.00,Decent range of 85 kmHas an attractive price tagOffers good road handling from telescopic forks,Has a fibre body instead of metalLong term reliability is a suspectNo Disc brake option,null,null,null,null,null
Tunwal Roma S,2023-11-10,3.60,"? 95,000 ",90 km/charge,40 kmph,null,Hydrolic Suspention,Hydrolic Suspention,Disc,null,2 ratings,null,null,null,null,null,null,null,1.56 kwh,Disc,null,5.00,3.60,Comes with stylish alloy wheels with disc brakes at front and rearDecent range of 90 km for the priceRetro styling will impress those who like old school designs, No track record of long term reliabilityLooks too much like Vespa rangeNot available with ABS,null,null,null,null,null
Tunwal T 133,2023-11-10,3.80,? 1.00 Lakh ,null,55 kmph,null,Telescopic,null,null,Alloy,2 ratings,null,null,null,null,null,null,null,null,null,null,5.00,3.60,null,null,null,null,null,null,null
Tunwal Sport 63 Mid,2023-11-10,3.30,"? 71,990 ",70 km/charge,217 kmph,null,Hydrolic Suspention,Hydrolic Suspention,Drum,null,2 ratings,null,null,null,null,null,null,null,1.24 kwh,Drum,null,5.00,3.60,Available in four colour optionsComes with Telescopic front forksLow top speed of 25 kmph,No availableOddball looks don't have a wide appealtrack record of long term reliability,null,null,null,null,null
Tunwal Mini Lithino,2023-11-10,3.70,"? 54,990 ",110 km/charge,25 kmph,250 Watt,Hydrolic Suspention,Hydrolic Suspention,Disc,null,7 ratings,null,null,null,null,3-4 hrs,null,null,1.56 kwh,Drum,null,5.00,3.40,Funky looks are sure to attract youngstersPriced pretty attrctively, Low top speed of 25 kmphLimited driving range of 55 kmLong term reliability is a suspect,null,null,null,null,null
Tunwal Strom ZX,2023-11-10,null,"? 90,000 ",120 km/charge,50 kmph,null,Hydrolic Suspention,Hydrolic Suspention,Disc,null,3 ratings,3.00,null,2.00,null,null,null,null,1.56 kwh,Drum,null,null,2.00,"High Driving Range of upto 150 kmLow Electricity ConsumtionOffers Removable Battery for Easy Charging, ABS leads to better braking",Doesn't come with ABSNot a tried and tested productSlightly on the costlier side,null,null,null,null,null
Tunwal Storm ZX Advance 1,2023-11-10,3.80,? 1.15 Lakh ,120 km/charge,105 kmph,null,Hydrolic Suspention,Hydrolic Suspention,Disc,null,3 ratings,null,null,null,null,null,null,null,null,Drum,null,5.00,3.60,Comfortable seat with backrestGets Telescopic front forksHigher stability from 3-wheeler format,Limited practicality due to only one seat on offerLong term reliability is a suspectWider body can be hard to manage on crowded streets,null,null,null,null,null
Tunwal Storm ZX Advance 2,2023-11-10,3.50,? 1.35 Lakh ,120 km/charge,30 kmph,null,Hydrolic Suspention,Hydrolic Suspention,Disc,null,4 ratings,5.00,5.00,null,null,null,null,null,null,Drum,null,5.00,null,Disc Brake at frotnHigh comfort level from seats with backrestsLong wheelbase leads to decent space,No Rear disc brake or ABSOdd-ball looks due to XL wheelbase and unique seating arrangementQuite expensive for a relatively unknown brand,null,null,null,null,null
Tunwal Lithino Li,2023-11-10,3.90,"? 74,990 ",120 km/charge,25 kmph,null,null,Hydrolic Suspention,null,Alloy,4 ratings,5.00,5.00,5.00,null,null,null,null,1.56 kwh,Drum,null,null,null,Can easily accomodate two adultsLooks quite stylish,"Limited driving range of 70 kmLimited driving range of 70 km, Not available with ABSLong term reliability is a suspectNot available with ABS",null,null,null,null,null
Warivo Motors Nexa,2023-11-10,3.70,"? 58,300 - ? 74,300 ",100 km/charge,85 kmph,null,Telescopic,Telescopic,null,null,6 ratings,null,null,null,59 Kg,5 - 8 hours,null,null,1.29 kwh,null,null,5.00,null,null,null,4.00,5.00,null,null,null
Warivo Motors Queen SX,2023-11-10,4.00,"? 75,300 ",80 km/charge,50 kmph,null,Telescopic,Telescopic,null,null,1 ratings,null,null,null,60.9 Kg,5 - 8 hours,null,null,1.62 kwh,null,null,5.00,3.80,null,null,null,null,null,null,null
Warivo Motors Enduro,2023-11-10,3.80,"? 53,800 ",60 km/charge,40 kmph,null,Telescopic,Telescopic,null,null,1 ratings,null,null,null,null,5 - 8 hours,680 mm,null,1.62 kwh,null,null,null,null,null,null,null,null,null,null,null
Warivo Motors Queen,2023-11-10,null,"? 46,800 ",110 km/charge,50 kmph,null,Telescopic,Telescopic,null,null,null,null,null,null,56 Kg,5 - 8 hours,null,null,0.74 kwh,null,null,null,null,null,null,null,null,null,null,null
Warivo Motors Smarty,2023-11-10,4.00,"? 74,300 ",70 km/charge,40 kmph,null,Telescopic,Telescopic,null,null,1 ratings,null,null,null,33.8 Kg,5 - 8 hours,null,null,1.2 kwh,null,null,5.00,3.80,null,null,null,null,null,null,null
BattRE Electric Storie,2023-11-10,null,"? 89,600 ",132 km/charge,132 kmph,null,null,null,null,Alloy,null,null,null,null,null,null,null,null,3.1 kwh,null,null,null,null,null,null,null,null,null,null,null
BattRE Electric LoEV,2023-11-10,3.00,"? 68,900 ",60 km/charge,25 kmph,null,Fork Type Hydraulic,Adjustable Hydraulic Coilover,Disc,null,19 ratings,null,null,null,65 Kg,2.5 Hours,null,null,1.152 kwh,Disc,null,3.80,null,null,null,3.30,null,4.30,null,null
BattRE Electric IOT,2023-11-10,3.80,"? 80,900 ",85 km/charge,110 kmph,null,Fork Type Hydraulic,Adjustable Hydraulic Coilover,Disc,null,2 ratings,null,null,null,65 Kg,2.5 Hours,null,null,1.44 kwh,Disc,null,null,4.00,null,null,4.00,null,4.00,null,null
BattRE Electric One,2023-11-10,3.70,"? 73,900 ",85 km/charge,110 kmph,null,Fork Type Hydraulic,Adjustable Hydraulic Coilover,Disc,null,4 ratings,null,null,null,60 Kg,2.5 Hours,null,null,1.44 kwh,Disc,null,5.00,3.40,null,null,null,null,null,null,null
BattRE Electric GPSIE,2023-11-10,3.60,"? 73,900 ",65 km/charge,90 kmph,250 W,Fork Type Hydraulic,null,Disc,Alloy,2 ratings,null,null,null,null,2.5 Hours,null,250 W,1.152 kwh,null,null,4.50,null,null,null,4.00,null,3.50,null,null
Stella Automobili Scooters SA 1000,2023-11-10,4.50,"? 68,000 - ? 75,000 ",70 km/charge,25 kmph,250 W,Hydraulic Telescopic,Double shocker with dual tube technology,Drum,null,3 ratings,5.00,5.00,5.00,null,3-4 Hours,null,250 W,null,Drum,null,null,null,null,null,null,null,null,null,null
Stella Automobili Scooters SA 2000,2023-11-10,3.40,"? 86,000 - ? 94,000 ",70 km/charge,25 kmph,250 W,Hydraulic Telescopic,null,Disc,Alloy,2 ratings,null,null,null,null,3-4 Hours,null,250 W,null,Drum,null,5.00,3.40,null,null,null,null,null,null,null
Stella Automobili Buzz,2023-11-10,3.70,"? 95,000 ",90 km/charge,55 kmph,null,null,null,Drum,Alloy,1 ratings,null,null,null,null,null,null,null,2.16 kwh,Drum,null,5.00,3.40,null,null,null,null,null,null,null
Fidato Evtech Easy Go,2023-11-10,3.80,"? 86,315 ",60 km/charge,90 kmph,null,Hydraulic,null,null,Alloy,2 ratings,null,null,null,null,4-5 hours,null,null,0.28 kwh,null,null,5.00,3.60,null,null,null,null,null,null,null
Fidato Evtech EasyGo Plus,2023-11-10,3.00,"? 95,605 ",80 km/charge,25 kmph,null,Hydraulic,null,null,Alloy,3 ratings,3.00,2.00,2.00,null,4-5 hours,null,null,0.36 kwh,null,null,null,null,null,null,null,null,null,null,null
Fidato Evtech Future,2023-11-10,3.00,"? 70,300 ",60 km/charge,90 kmph,null,Hydraulic,null,null,Alloy,4 ratings,5.00,null,null,null,4-5 hours,null,null,0.28 kwh,null,null,5.00,3.50,null,null,null,null,null,null,null
Fidato Evtech Loder,2023-11-10,4.00,"? 83,490 ",60 km/charge,90 kmph,null,Hydraulic,null,null,Alloy,1 ratings,null,null,null,null,3-4 hours,null,null,0.24 kwh,null,null,5.00,3.80,null,null,null,null,null,null,null
Fidato Evtech Cutie,2023-11-10,3.80,"? 54,600 ",60 km/charge,45 kmph,null,Hydraulic,null,null,Alloy,1 ratings,null,null,null,null,3-4 hours,null,null,0.25 kwh,null,null,5.00,3.60,null,null,null,null,null,null,null
Rugged G1,2023-11-10,3.90,? 78.50 K - ? 1.03 Lakh ,160 km/charge,75 kmph,1500 W,null,Leading link w/anti dive,Tubeless,Alloy,2 ratings,null,null,null,null,4 hours,null,1500 W,1.9 kwh,Tubeless,null,5.00,3.40,80-160km riding range.Quick charging time.Strong chassis.,Not very good looking.Only one colour option.,null,null,null,null,null
Segway E110A,2023-11-10,3.40,"? 73,937 ",null,50 kmph,null,null,null,null,null,2 ratings,null,null,null,null,6 Hours,null,null,null,null,null,5.00,3.40,null,null,null,null,null,null,null
Okinawa PraisePro,2023-11-10,3.10,"? 99,645 ",81 km/charge,56 kmph,2500 W,Hydraulic Telescopic,Double Shocker with dual tube technology,Disc,null,47 ratings,3.40,null,3.10,null,2-3 Hours,800 mm,null,2.08 kwh,Disc,3.00,null,null,null,null,null,null,null,null,null
Okinawa OKHI 90,2023-11-10,3.60,? 1.86 Lakh ,160 km/charge,90 kmph,null,Hydraulic Telescopic,Double shocker with dual tube technology,Disc,null,75 ratings,null,null,null,null,5-6 Hours,803 mm,null,null,Disc,null,4.10,null,"Design is modern, large foot print with good road presenceGreat performance combined with excellent rangeOkinawa has been improving their dealer networkShould offer excellent range and unique featuresValue pricing for the segment and performanceWill be one of the biggest e-scooters on sale in India",Firm ride quality could be an issue over broken roadsFit and finish not the best around,4.10,null,4.40,null,null
Okinawa R30 electric scooter,2023-11-10,4.10,"? 61,998 ",60 km/charge,25 kmph,250 Watt,Hydraulic Telescopic,Double Shocker with Dual Tube Technology,Drum,null,14 ratings,null,null,3.00,null,4-5 Hours,735 mm,null,1.34 kwh,Drum,3.00,null,3.00,Good loading capacity at 150 kg.Removeable battery. Sleek design. ,Poor top speed. Takes 4-5 hours of charging time.,null,null,null,null,null
Okinawa Ridge,2023-11-10,4.60,? 84.61 K - ? 1.15 Lakh ,149 km/charge,45 kmph,800Watt,Hydraulic Telescopic,Double shocker with dual tube technology,Drum,null,3 ratings,5.00,null,5.00,96 Kg,5-6 Hours,null,null,1.56 kwh,Drum,null,null,5.00,null,null,null,null,null,null,null
Okinawa Lite,2023-11-10,3.10,"? 66,993 ",60 km/charge,25 kmph,250 Watt,Hydraulic Telescopic,Double Shocker with dual tube technology,Disc,null,11 ratings,null,3.70,3.70,null,4-5 Hours,740 mm,null,1.25 kwh,Drum,null,null,3.70,null,null,null,null,null,null,null
Okinawa Dual,2023-11-10,3.70,? 62.00 K - ? 1.19 Lakh ,129 km/charge,60 kmph,4.07 Ps,Telescopic,Dual Tube Spring type hydraulic shockers,null,Alloy,9 ratings,5.00,null,5.00,null,5-6 Hours,770 mm,null,null,null,5.00,null,null,null,null,null,null,null,null,null
Okinawa iPraise,2023-11-10,4.00,? 1.46 Lakh ,139 km/charge,58 kmph,2500 W,Hydraulic Telescopic,Double shocker with dual tube technology,null,Alloy,12 ratings,null,null,null,null,4 - 5 Hours,800 mm,null,null,null,null,5.00,null,null,null,4.00,5.00,null,null,null
Okinawa iPraise+,2023-11-10,3.60,? 1.46 Lakh ,139 km/charge,58 kmph,null,Hydraulic Telescopic,Double shocker with dual tube technology,null,Alloy,4 ratings,5.00,null,5.00,null,4-5 Hours,800 mm,null,null,null,null,5.00,null,null,null,null,null,null,null,null
Herald E Bike Rider,2023-11-10,4.40,"? 87,660 ",null,25 kmph,2000 Watt,Hydraulic,Hydraulic,Disc,Alloy,30 ratings,4.90,5.00,null,null,3-4 Hours,800 mm,2000 Watt,0.06 kwh,Disc,null,4.50,null,null,null,null,null,null,null,null
Herald E Bike Royal,2023-11-10,4.30,"? 91,150 ",null,25 kmph,2000 Watt,Hydraulic,Hydraulic,Disc,Alloy,30 ratings,4.70,5.00,null,null,3-4 Hours,800 mm,2000 Watt,0.06 kwh,Disc,null,4.50,null,null,null,null,null,null,null,null
Herald E Bike Lengend DLX,2023-11-10,4.40,"? 89,410 ",null,25 kmph,2000 Watt,Hydraulic,Hydraulic,Disc,Alloy,29 ratings,4.90,5.00,null,null,3-4 Hours,800 mm,2000 Watt,0.06 kwh,Disc,null,4.50,null,null,null,null,null,null,null,null
Herald E Bike Lengend Super,2023-11-10,4.40,"? 93,470 ",null,25 kmph,2000 Watt,Hydraulic,Hydraulic,Disc,Alloy,30 ratings,4.60,5.00,null,null,3-4 Hours,800 mm,2000 Watt,0.06 kwh,Disc,null,4.50,null,null,null,null,null,null,null,null
Herald E Bike Royal Prime,2023-11-10,4.30,? 1.01 Lakh ,null,25 kmph,2000 Watt,Hydraulic,Hydraulic,Disc,Alloy,30 ratings,4.70,5.00,4.30,null,3-4 Hours,800 mm,null,null,Disc,null,null,null,null,null,null,null,null,null,null
Herald E Bike Legend Prime,2023-11-10,4.40,? 1.02 Lakh ,null,25 kmph,2000 Watt,Hydraulic,Hydraulic,Disc,null,28 ratings,4.90,5.00,null,null,3-4 Hours,800 mm,null,null,Disc,null,4.50,null,null,null,null,null,null,null,null
Herald E Bike Royal DLX,2023-11-10,4.30,? 1.11 Lakh ,null,25 kmph,2000 Watt,Hydraulic,Hydraulic,Disc,Alloy,29 ratings,4.70,5.00,4.30,null,3-4 Hours,800 mm,null,null,Disc,null,null,null,null,null,null,null,null,null,null
Ujaas eZy,2023-11-10,4.50,"? 31,880 ",60 km/charge,25 kmph,null,Telescopic Type,Hydraulic,Drum,null,7 ratings,null,5.00,null,null,6 - 7 hours,null,null,1.24 kwh,Drum,null,5.00,3.30,null,null,null,null,null,null,null
Ujaas eGo LA,2023-11-10,4.10,"? 34,880 - ? 39,880 ",60 km/charge,25 kmph,250 W,Telescopic,null,Drum,Alloy,9 ratings,null,5.00,null,null,6-7 Hours,null,250 W,1.248 kwh,null,5.00,5.00,null,null,null,null,null,null,null,null
Ujaas eSPA LA,2023-11-10,4.00,"? 48,174 ",60 km/charge,24.9 kmph,null,Telescopic,null,Drum,Alloy,1 ratings,null,null,null,null,6-7 Hours,null,null,1.56 kwh,null,null,5.00,3.80,null,null,null,null,null,null,null
Ujaas eGo T3,2023-11-10,4.50,"? 59,724 - ? 70,224 ",100 km/charge,25 kmph,250 W,Telescopic,Hydraulic,Drum,Alloy,2 ratings,5.00,5.00,null,null,6-7 Hours,null,250 W,2.304 kwh,null,null,5.00,null,null,null,null,null,null,null,null
Ujaas eSPA Li,2023-11-10,4.00,"? 54,880 ",75 km/charge,24.9 kmph,250 W,Telescopic,Hydraulic,Drum,Alloy,1 ratings,null,null,null,null,3-4 Hours,null,250 W,1.5 kwh,null,null,5.00,3.80,null,null,null,null,null,null,null
Ujaas eGo Li,2023-11-10,4.00,"? 50,880 - ? 53,880 ",75 km/charge,25 kmph,250 W,Telescopic,Hydraulic,Drum,Alloy,1 ratings,null,null,null,null,3-4 Hours,null,250 W,1.248 kwh,null,null,5.00,3.80,null,null,null,null,null,null,null
Gowel Scooters ZX EV,2023-11-10,3.30,"? 44,456 - ? 57,449 ",70 km/charge,25 kmph,250 W,null,null,Drum,Alloy,3 ratings,null,null,null,null,2-3 Hours,null,250 W,0.288 kwh,Drum,null,4.00,4.00,null,null,5.00,null,null,null,null
Ather 450X,2023-11-10,4.10,? 1.26 Lakh - ? 1.49 Lakh ,111 km/charge,90 kmph,8.70 PS,Telescopic Forks,Symmetrically Mounted Progressive Mono-shock,Disc,null,454 ratings,4.70,4.30,null,108 Kg,8 Hours 36 Minutes,780 mm,null,null,Disc,null,null,4.20,New base model offers extremely good value for moneyGood build quality and hardly any ownership issuesAmple riding range of 140+ km,New base model does not offer quick chargingRiding posture & Ride quality isn't comfortableLimited top speed of 90 km/h as compared to Ola S1 Pro ,null,null,null,null,null
Ather 450S,2023-11-10,4.50,? 1.18 Lakh - ? 1.32 Lakh ,115 km/charge,90 kmph,7.34 PS,Telescopic forks,Symmetrically mounted progressive monoshock,Disc,null,171 ratings,4.80,4.90,4.20,108 Kg,8 Hours 36 Minutes,780 mm,null,null,Disc,null,null,null,null,null,null,null,null,null,null
Detel EV Easy Plus,2023-11-10,4.50,"? 46,999 ",60 km/charge,25 kmph,null,null,null,null,Alloy Wheels,4 ratings,null,null,null,null,null,- mm,null,1.44 kwh,null,null,null,4.00, Easy maneuverability in any road condition.Lightweight.No registration required.,Less top speed. Too costly.,null,4.00,4.50,null,null
Aeroride E Spark,2023-11-10,4.00,? 69.44 K - ? 1.12 Lakh ,null,90 kmph,null,null,null,Disc,Alloy,1 ratings,null,null,null,null,null,null,null,1.68 kwh,null,null,5.00,3.80,null,null,null,null,null,null,null
Aeroride Aero,2023-11-10,null,"? 61,445 - ? 79,445 ",60 km/charge,25 kmph,null,Telescopic,Hydraulic,Disc,null,null,null,null,null,58 Kg,null,800 mm,null,1.68 kwh,Disc,null,null,null,null,null,null,null,null,null,null
Aeroride YB2000,2023-11-10,4.00,? 97.10 K - ? 1.29 Lakh ,80 km/charge,80 kmph,null,Telescopic,Hydraulic,Disc,null,1 ratings,null,null,null,65 Kg,null,null,null,1.872 kwh,Disc,null,5.00,3.80,null,null,null,null,null,null,null
YOBykes Drift,2023-11-10,4.00,"? 51,000 ",60 km/charge,25 kmph,250 KW,Telescopic Fork,Shock Absorber,Disc,null,2 ratings,null,null,null,95 Kg,7 hrs (VRLA)& 3 to 4 hrs (Lithium Ion),775 mm,250 KW,0.324 kwh,Drum,null,null,5.00,null,null,null,null,null,5.00,5.00
YOBykes Edge,2023-11-10,4.00,"? 49,000 ",60 km/charge,25 kmph,250 KW,Telescopic Fork,Shock Absorber,Disc,null,5 ratings,4.20,4.20,null,95 Kg,7 hrs (VRLA)& 3 to 4 hrs (Lithium Ion),700 mm,250 KW,0.324 kwh,Drum,null,null,4.20,null,null,null,null,null,null,null
Raftaar Galaxy,2023-11-10,3.70,"? 51,900 ",100 km/charge,25 kmph,250 W,Telescopic (Hydraulic Type),Double shoker with dual tube technology (Hydraulic),Drum,null,2 ratings,null,5.00,5.00,null,4-6 Hours,874 mm,250 W,1.5 kwh,Drum,null,5.00,null,null,null,null,null,null,null,null
Raftaar Electrica,2023-11-10,3.70,"? 48,540 - ? 70,900 ",100 km/charge,25 kmph,250 W,Telescopic (Hydraulic Type),Double shoker with dual tube technology (Hydraulic),null,Alloy,1 ratings,null,null,null,60 Kg,4-6 Hours,874 mm,250 W,1.5 kwh,Drum,null,5.00,3.40,null,null,null,null,null,null,null
Raftaar Lima,2023-11-10,4.40,"? 68,500 ",null,90 kmph,null,Telescopic Suspension,Dual Tube Spring Type Hydraulic Shockers,null,Alloy,30 ratings,4.70,5.00,null,null,6-8 hours,null,null,1.8 kwh,Disc,null,5.00,null,null,null,null,null,null,null,null
Raftaar Cruzer R1,2023-11-10,3.70,"? 84,500 ",100 km/charge,45 kmph,null,null,null,null,null,5 ratings,null,null,null,null,4-5 Hours,null,null,null,null,null,4.50,null,null,null,null,4.50,4.50,null,null
Raftaar Bumblebee,2023-11-10,3.20,"? 88,000 ",100 km/charge,45 kmph,null,Telescopic,Dual Tube Spring Type Hydraulic Shockers,null,Alloy,8 ratings,null,null,null,null,4-5 Hours,null,null,null,null,null,4.30,null,null,null,4.30,4.50,null,null,null
Ola S1 Pro,2023-11-10,4.10,? 1.40 Lakh - ? 1.47 Lakh ,181 km/charge,116 kmph,14.95 PS,Single Fork,Mono Shock,Hydraulic Disc,null,952 ratings,4.10,4.10,null,125 Kg,6.5 Hours,null,null,null,Hydraulic Disc,null,4.50,null,Excellent performance from the motor150km+ range easily possible if ridden gentlyLoaded with feature and connected apps ,Some software glitches still remainNo physical showrooms or workshops on offer,null,null,null,null,null
Ola S1 Air,2023-11-10,4.10,? 1.20 Lakh ,151 km/charge,90 kmph,8.157 PS,Twin telescopic,Dual shock,Drum,null,396 ratings,4.50,null,4.50,108 Kg,5 Hours,805 mm,null,null,Drum,4.80,null,null,Excellent value for money in the segmentSmall body & light weight make it very agileDecent top speed of 85 km/h,Basic design theme might not appeal to all ,null,null,null,null,null
Ola Electric S1 X,2023-11-10,4.30,? 90.00 K - ? 1.10 Lakh ,151 km/charge,85 kmph,8.157 PS,Twin telescopic,Dual shock,Drum,null,166 ratings,4.80,4.90,4.10,108 Kg,7.4 Hours,805 mm,8.157 PS,3 kwh,Drum,null,null,null,null,null,null,null,null,null,null
Keeway Vieste 300,2023-11-10,4.40,? 2.99 Lakh - ? 3.20 Lakh ,null,125 kmph,18.9 PS @ 6500 rpm,Telescopic,Hydraulic,Disc,Alloy,5 ratings,null,null,null,147 Kg,6 hours,null,null,null,Disc,null,null,4.60,null,null,4.60,null,4.40,null,null
Dynamo RX4,2023-11-10,4.40,"? 96,900 ",130 km/charge,65 kmph,null,Hydraulic Telescopic,Double Shocker with dual tube technology,Disc,null,2 ratings,4.50,5.00,4.50,null,3 - 4 Hours,800 mm,null,2.88 kwh,Disc,null,null,null,null,null,null,null,null,null,null
Dynamo RX1,2023-11-10,4.40,"? 79,900 ",60 km/charge,null,null,Hydraulic Telescopic,Double Shocker with dual tube technology,Disc,null,2 ratings,5.00,5.00,null,null,6 - 8 Hours,null,null,1.53 kwh,Disc,4.00,null,null,null,null,null,null,null,null,null
Dynamo X1,2023-11-10,4.40,"? 49,900 ",60 km/charge,null,null,Hydraulic Telescopic,Double Shocker with dual tube technology,Disc,null,2 ratings,4.50,5.00,4.50,null,6 - 8 Hours,null,null,1.53 kwh,Disc,null,null,null,null,null,null,null,null,null,null
Dynamo X2,2023-11-10,4.40,"? 55,900 ",80 km/charge,null,null,Hydraulic Telescopic,Double Shocker with dual tube technology,Disc,null,2 ratings,4.50,5.00,4.50,null,6 - 8 Hours,null,null,1.8 kwh,Disc,null,null,null,null,null,null,null,null,null,null
Dynamo X4,2023-11-10,4.40,"? 86,900 ",110 km/charge,null,null,Hydraulic Telescopic,Double Shocker with dual tube technology,Disc,null,2 ratings,5.00,5.00,null,null,3 - 4 Hours,800 mm,null,2.16 kwh,Disc,null,null,4.00,null,null,null,null,null,null,null
Dynamo XL,2023-11-10,4.40,"? 65,900 ",80 km/charge,null,null,Hydraulic Telescopic,Six Hydraulic Shockers,Disc,null,2 ratings,4.50,5.00,4.50,null,3 - 4 Hours,null,null,2.16 kwh,Disc,null,null,null,null,null,null,null,null,null,null
Dynamo Smiley,2023-11-10,4.40,"? 76,900 ",85 km/charge,null,null,Hydraulic Telescopic,Double Shocker with dual tube technology,Disc,null,2 ratings,4.50,5.00,4.50,null,3 - 4 Hours,800 mm,null,1.8 kwh,Disc,null,null,null,null,null,null,null,null,null,null
RBSEVA Legend,2023-11-10,3.70,"? 72,128 - ? 99,335 ",75 km/charge,90 kmph,null,Hydraulic,null,null,null,1 ratings,null,null,null,null,3 - 4 hours,null,null,null,null,null,5.00,3.40,null,null,null,null,null,null,null
RBSEVA Rider,2023-11-10,3.70,"? 67,237 - ? 91,200 ",55 km/charge,78 kmph,null,Hydraulic,null,null,Alloy,1 ratings,null,null,null,null,3 - 4 hours,null,null,1.44 kwh,null,null,5.00,3.40,null,null,null,null,null,null,null
RBSEVA Rider Super,2023-11-10,3.70,"? 71,838 - ? 99,045 ",75 km/charge,null,null,Hydraulic,null,null,Alloy,null,null,null,null,null,3 - 4 hours,null,null,1.44 kwh,null,null,null,null,null,null,null,null,null,null,null
RBSEVA Auram,2023-11-10,4.40,? 79.37 K - ? 1.07 Lakh ,75 km/charge,null,null,Hydraulic,Hydraulic,Disc,Alloy,2 ratings,5.00,5.00,null,null,3 - 4 hours,null,null,1.344 kwh,Drum,null,null,4.00,null,null,null,null,null,null,null
RBSEVA RBS250 Loader,2023-11-10,4.40,? 78.96 K - ? 1.03 Lakh ,null,null,null,Aluminium Hydraulic,Hydraulic,Disc,Alloy,2 ratings,4.50,5.00,4.50,null,3 - 4 hours,null,null,1.344 kwh,Drum,null,null,null,null,null,null,null,null,null,null
RBSEVA RBSEVA RIO,2023-11-10,4.40,? 77.71 K - ? 1.05 Lakh ,75 km/charge,null,null,Hydraulic,Hydraulic,Disc,Alloy,2 ratings,5.00,5.00,null,null,3 - 4 hours,null,null,1.344 kwh,Drum,null,null,4.00,null,null,null,null,null,null,null
RBSEVA Royal ZL3,2023-11-10,4.40,? 1.05 Lakh ,100 km/charge,70 kmph,null,Hydraulic,Hydraulic,Disc,Alloy,2 ratings,4.50,5.00,4.50,null,3 - 4 hours,800 mm,null,null,Drum,null,null,null,null,null,null,null,null,null,null
RBSEVA Royal DLX,2023-11-10,4.40,"? 72,128 - ? 99,335 ",75 km/charge,null,null,Hydraulic,Hydraulic,Disc,Alloy,2 ratings,5.00,5.00,null,null,3 - 4 hours,null,null,1.68 kwh,Drum,null,null,4.00,null,null,null,null,null,null,null
RBSEVA Legend Super,2023-11-10,4.40,? 74.42 K - ? 1.02 Lakh ,75 km/charge,null,null,Hydraulic,Hydraulic,Drum,Alloy,2 ratings,5.00,5.00,4.00,null,3 - 4 hours,null,null,1.344 kwh,Drum,null,null,null,null,null,null,null,null,null,null
AMO Electric Jaunty,2023-11-10,3.30,"? 59,966 - ? 90,064 ",70 km/charge,25 kmph,null,Telescopic Fork,Spring Loaded Gas,null,Alloy,17 ratings,4.30,4.30,4.00,62 Kg,6 Hours,730 mm,null,1.62 kwh,null,null,null,null,Decent riding range.Smart looks,High on charging time. Poor top speed.,null,null,null,null,null
AMO Electric Inspirer,2023-11-10,3.90,"? 51,382 - ? 86,626 ",70 km/charge,25 kmph,null,Telescopic Fork,Spring Loaded Gas,null,Alloy,8 ratings,5.00,null,5.00,62 Kg,6 Hours,730 mm,null,1.62 kwh,null,5.00,null,null,null,null,null,null,null,null,null
AMO Electric Jaunty Plus,2023-11-10,4.60,? 1.04 Lakh ,120 km/charge,50 kmph,null,Telescopic Fork,null,null,Alloy,6 ratings,5.00,null,null,null,3-5 Hours,null,null,null,null,null,5.00,null,null,null,null,5.00,null,null,null
AMO Electric Jaunty-3W,2023-11-10,3.70,"? 78,819 ",null,50 kmph,null,null,null,null,null,11 ratings,null,null,null,null,6 hour,null,null,1.56 kwh,null,null,4.30,null,null,null,null,3.80,4.20,null,null
Enigma GT450,2023-11-10,4.30,"? 86,909 ",null,120 kmph,null,Double Hydraulic Telescopic,Hydraulic,Disc,Alloy,28 ratings,4.90,5.00,4.10,null,5 -7 Hours,null,null,null,Disc,null,null,null,null,null,null,null,null,null,null
Enigma Crink,2023-11-10,null,"? 99,000 ",null,60 kmph,null,Double Hydraulic Telescopic,Hydraulic,Disc,Alloy,null,null,null,null,null,5 -7 Hours,null,null,2.16 kwh,Disc,null,null,null,null,null,null,null,null,null,null
Enigma Ambier N8,2023-11-10,4.40,? 1.05 Lakh ,null,40 kmph,null,Hydraulic,Dual Shocker,Disc,Alloy,30 ratings,4.80,5.00,null,null,4-5 Hours,null,null,null,Disc,null,4.50,null,null,null,null,null,null,null,null
Super Eco T1,2023-11-10,3.20,"? 56,772 ",80 km/charge,55 kmph,800 W,null,null,Disc,Alloy,2 ratings,null,null,null,null,4-6 hrs,null,800 W,1.26 kwh,Drum,null,5.00,3.40,null,null,null,null,null,null,null
Super Eco S 2,2023-11-10,3.70,? 1.05 Lakh ,85 km/charge,55 kmph,1000 W,null,null,Drum,Alloy,1 ratings,null,null,null,null,4-6 hrs,null,null,null,Drum,null,5.00,3.40,null,null,null,null,null,null,null
Viertric V4 Eagle,2023-11-10,4.10,"? 70,095 ",70 km/charge,57 kmph,250 W,null,null,Tubeless,Alloy,4 ratings,null,null,null,null,4-5 hours,null,250 W,1.24 kwh,Tubeless,null,4.00,null,null,null,4.30,null,4.30,null,null
Viertric V4 Max,2023-11-10,4.30,"? 68,000 ",70 km/charge,57 kmph,250 W,null,null,Tubeless,Alloy,4 ratings,null,null,null,null,4-5 hours,null,250 W,1.24 kwh,Tubeless,null,4.80,null,null,null,4.50,4.30,null,null,null
Viertric V4 XL,2023-11-10,4.40,"? 70,000 ",70 km/charge,57 kmph,250 W,null,null,Tubeless,Alloy,2 ratings,null,null,null,null,4-5 hours,null,250 W,1.24 kwh,Tubeless,null,4.50,4.50,null,null,4.50,null,null,null,null
Viertric V4 Mist,2023-11-10,4.40,"? 72,000 ",70 km/charge,57 kmph,250 W,null,null,Tubeless,Alloy,5 ratings,null,null,null,null,4-5 hours,null,250 W,1.24 kwh,Tubeless,null,null,4.30,null,null,4.50,4.30,null,null,null
Deltic Drixx,2023-11-10,3.80,"? 55,490 - ? 88,490 ",70 km/charge,25 kmph,null,Hydraulic (Telescopic Type),Hydraulic Spring (Monoshock),Disc,null,5 ratings,null,null,3.00,57 Kg,6-8 hours,null,null,1.68 kwh,Disc,null,4.00,null,null,null,null,null,4.00,null,null
Deltic Trento,2023-11-10,4.40,? 1.27 Lakh ,75 km/charge,45 kmph,null,Hydraulic Suspension (Telescopic Type),Hydraulic Spring (Monoshock),Disc,null,30 ratings,4.80,5.00,null,57 Kg,5 - 6 Hours,null,null,null,Disc,null,4.50,null,null,null,null,null,null,null,null
Deltic Legion,2023-11-10,5.00,"? 62,490 - ? 88,990 ",70 km/charge,25 kmph,null,Hydraulic Suspension (Telescopic Type),Hydraulic Spring (Monoshock),Disc,null,1 ratings,null,null,null,59 Kg,8 - 9 Hours,null,null,1.68 kwh,Disc,null,null,null,null,null,null,null,null,null,null
Deltic ZGS,2023-11-10,4.30,"? 95,490 ",70 km/charge,45 kmph,null,Hydraulic Suspension (Telescopic Type),Hydraulic Spring (Monoshock),Disc,null,30 ratings,4.60,5.00,4.40,64 Kg,5 - 6 Hours,null,null,2.16 kwh,Drum,null,null,null,null,null,null,null,null,null,null
EVeium CZAR,2023-11-10,3.80,? 2.16 Lakh ,150 km/charge,85 kmph,null,null,null,Disc,null,1 ratings,null,null,null,null,4 Hours,null,null,null,Disc,null,5.00,3.60,null,null,null,null,null,null,null
EVeium COMET,2023-11-10,3.80,? 1.92 Lakh ,150 km/charge,85 kmph,null,null,null,Disc,null,1 ratings,null,null,null,null,4 Hours,null,null,null,Disc,null,5.00,3.60,null,null,null,null,null,null,null
EVeium COSMO EV,2023-11-10,3.80,? 1.44 Lakh ,80 km/charge,65 kmph,null,null,null,Disc,null,1 ratings,null,null,null,null,4 Hours,null,null,null,Disc,null,5.00,3.60,null,null,null,null,null,null,null
BNC Challenger S110,2023-11-10,4.60,? 1.21 Lakh ,90 km/charge,75 kmph,null,"leading link, anti-dive, 4-point adjustable",4-point adjustable,Disc,null,2 ratings,5.00,5.00,5.00,null,3.5 Hours,null,null,null,Disc,null,null,null,null,null,null,null,null,null,null
Eblu Feo,2023-11-10,4.30,"? 99,999 ",null,60 kmph,null,null,null,null,null,22 ratings,4.90,4.60,null,null,null,null,null,null,null,null,null,4.00,null,null,null,null,null,null,null
Gemopai Ryder,2023-11-10,3.70,"? 60,000 - ? 84,302 ",90 km/charge,25 kmph,250 Watts,Hydraulic,Hydraulic Type,Disc,null,4 ratings,null,null,null,80 Kg,4 Hours,null,250 Watts,0.96 kwh,Drum,null,5.00,3.60,150kg loading capacity.90 km riding range is good.Modern features.,Fewer service outlets.Low sales.,null,null,null,null,null
Gemopai Astrid Lite,2023-11-10,3.60,"? 79,999 ",90 km/charge,65 kmph,1100-2500 Watts,Hydraulic,Hydraulic Type,Disc,Alluminium Alloy Wheels,5 ratings,null,null,null,null,5 Hours,null,1100-2500 Watts,1.2 kwh,Drum,null,4.00,4.00,null,null,null,null,4.00,null,null
Gemopai Miso,2023-11-10,4.10,"? 44,000 ",60 km/charge,35 kmph,null,Telescopic,null,Tubeless,Alloy Wheels,3 ratings,null,null,null,45 Kg,3 - 4 Hours,null,null,0.84 kwh,null,5.00,null,null,Decent riding range of 75 km.Multiple colour options.Quick charging to 90% in just 2 hours.,Top speed limited to 25 kmph only.Unconventional looks.,5.00,5.00,null,null,null
Gemopai Ryder SuperMax,2023-11-10,4.00,"? 79,999 ",100 km/charge,60 kmph,60kmph,Telescoping suspension,Hydraulic suspension,Disc,Alloy,null,null,null,null,null,null,null,60kmph,null,Drum,null,null,null,null,null,null,null,null,null,null
White Carbon Motors GT5,2023-11-10,4.20,? 1.25 Lakh ,100 km/charge,50 kmph,null,Telescopic,Dual Coil,Disc,null,13 ratings,5.00,5.00,5.00,170 Kg,3-4 Hours,null,null,null,Disc,null,null,null,null,null,null,null,null,null,null
White Carbon Motors O3,2023-11-10,4.00,"? 55,900 ",60 km/charge,25 kmph,null,Hydraulic Telescopic,Dual shocker with tube technology,Disc,null,1 ratings,null,null,null,null,3-4 Hours,null,null,1.152 kwh,Drum,null,5.00,3.80,null,null,null,null,null,null,null
Bounce Infinity E1,2023-11-10,4.00,? 93.39 K - ? 1.05 Lakh ,85 km/charge,65 kmph,null,Telescopic Hydraulic,Twin Shock Absorber,Hydraulic Disc with CBS,null,35 ratings,null,null,null,94 Kg,4 Hours,780 mm,null,1.9 kwh,Hydraulic Disc,null,4.60,null,null,null,4.40,null,4.40,null,null
Lectrix SX25,2023-11-10,4.20,"? 54,499 ",60 km/charge,25 kmph,null,Telescopic,Dual Coil Spring,Drum,null,2 ratings,null,5.00,3.00,70 Kg,4 Hours,760 mm,null,1.34 kwh,Drum,null,null,3.00,null,null,null,null,null,null,null
Lectrix LXS G 2.0,2023-11-10,5.00,"? 99,999 ",80 km/charge,55 kmph,null,Telescopic,Coil spring,Drum,null,1 ratings,null,null,null,100 Kg,3 Hours,810 mm,null,2.3 kwh,Drum,null,null,null,null,null,null,null,null,null,null
Lectrix LXS,2023-11-10,4.00,"? 91,253 ",89 km/charge,50 kmph,null,Telescopic,Coil Spring,null,Sheet Metal,15 ratings,null,null,null,null,2.5 - 3 Hours,760 mm,null,4.84 kwh,null,null,4.10,null,null,null,3.90,null,4.60,null,null
Avon E Lite,2023-11-10,4.10,"? 28,000 ",50 km/charge,24 kmph,232 W,null,null,null,null,10 ratings,5.00,5.00,5.00,null,4-8 Hours,null,null,null,null,null,null,null,null,null,null,null,null,null,null
Avon E Scoot,2023-11-10,3.50,"? 45,000 ",65 km/charge,24 kmph,215 W,Telescopic Suspension,null,Drum,Alloy,10 ratings,5.00,null,null,null,7-8 Hours,null,null,1.152 kwh,Drum,5.00,null,null,null,null,5.00,null,null,null,null
Avon E Plus,2023-11-10,4.30,"? 25,000 ",50 km/charge,24 kmph,220 W,null,null,null,null,17 ratings,5.00,null,5.00,null,4-8 Hours,null,null,null,null,5.00,null,null,null,null,null,null,null,null,null
Avon E - STAR,2023-11-10,4.10,"? 51,861 - ? 65,478 ",65 km/charge,24 kmph,null,Telescopic,null,null,null,8 ratings,null,null,null,null,7-8 Hours,null,null,null,null,null,4.50,4.20,null,null,null,null,4.00,null,null
Avon E Mate,2023-11-10,4.40,"? 45,000 ",65 km/charge,24 kmph,188 W,Telescopic Suspension,null,Drum,Alloy,7 ratings,5.00,5.00,null,null,7-8 Hours,null,null,1.152 kwh,Drum,5.00,null,null,null,null,null,null,null,null,null
Kyte Energy Magnum Pro,2023-11-10,4.00,"? 80,999 ",160 km/charge,60 kmph,null,null,null,null,null,12 ratings,null,null,null,null,null,null,null,null,null,null,4.60,null,null,null,4.00,4.20,null,null,null
Li-ions Spock Electric Scooter,2023-11-10,3.80,"? 65,000 ",130 km/charge,45 kmph,8.7 PS @ 6750 rpm,Telescopic hydraulic fork,null,Disc,Alluminium Alloy Wheels,1 ratings,null,null,null,90 Kg,4 Hrs (0% to 100%),760 mm,8.7 PS @ 6750 rpm,2.88 kwh,Disc,null,5.00,3.60,null,null,null,null,null,null,null
Avera Retrosa,2023-11-10,4.00,? 88.90 K - ? 1.28 Lakh ,140 km/charge,55 kmph,3000 W,Telescopic (Hydraulic Type),Double shocker with dual tube,Disc,null,1 ratings,null,null,null,140 Kg,2-3 Hours,null,null,2.4 kwh,Drum,null,5.00,3.80,null,null,null,null,null,null,null
Fujiyama Spectra,2023-11-10,3.70,"? 51,528 - ? 77,119 ",50 km/charge,25 kmph,null,Telescopic,Dual Tube Spring,Drum,null,6 ratings,4.00,4.00,5.00,null,8 hours,740 mm,null,1.3 kwh,Drum,null,null,null,null,null,null,null,null,null,null
Fujiyama Spectra Pro,2023-11-10,4.80,"? 54,384 - ? 79,975 ",50 km/charge,25 kmph,null,Telescopic,Dual Tube Spring,Disc,null,2 ratings,null,null,null,null,8 hours,735 mm,null,1.3 kwh,Drum,null,null,null,null,null,null,null,null,null,null
Fujiyama Ozone,2023-11-10,4.30,"? 99,918 ",50 km/charge,65 kmph,null,Telescopic,Dual Tube Spring,Disc,null,30 ratings,4.70,5.00,4.30,null,4-5 hours,795 mm,null,2.5 kwh,Drum,null,null,null,null,null,null,null,null,null,null
Vegh S25,2023-11-10,4.40,"? 75,999 ",70 km/charge,25 kmph,0.339 PS,Telescopic Forks,Damper Coil Spring,Disc,null,1 ratings,5.00,5.00,null,null,4 Hours,800 mm,0.339 PS,1.34 kwh,Drum,null,null,4.00,null,null,null,null,null,null,null
Vegh S60,2023-11-10,4.40,? 1.30 Lakh ,120 km/charge,65 kmph,3.39 PS,Telescopic Forks,Damper Coil Spring,Drum,null,1 ratings,4.00,5.00,5.00,null,3-4 Hours,825 mm,null,null,Drum,null,null,null,null,null,null,null,null,null,null
Vegh L25,2023-11-10,4.40,"? 79,999 ",80 km/charge,25 kmph,0.339 PS,Telescopic Forks,Damper Coil Spring,Disc,null,1 ratings,5.00,5.00,null,null,4-5 Hours,787 mm,0.339 PS,1.56 kwh,Disc,null,null,4.00,null,null,null,null,null,null,null
